1	北京	0	110000	1
2	天津	0	120000	2
3	上海	0	310000	3
4	重庆	0	500000	4
5	河北	0	130000	5
6	山西	0	140000	6
7	内蒙古	0	150000	7
8	辽宁	0	210000	8
9	吉林	0	220000	9
10	黑龙江	0	230000	10
11	江苏	0	320000	11
12	浙江	0	330000	12
13	安徽	0	340000	13
14	福建	0	350000	14
15	江西	0	360000	15
16	山东	0	370000	16
17	河南	0	410000	17
18	湖北	0	420000	18
19	湖南	0	430000	19
20	广东	0	440000	20
21	广西	0	450000	21
22	海南	0	460000	22
23	四川	0	510000	23
24	贵州	0	520000	24
25	云南	0	530000	25
26	西藏	0	540000	26
27	陕西	0	610000	27
28	甘肃	0	620000	28
29	青海	0	630000	29
30	宁夏	0	640000	30
31	新疆	0	650000	31
32	台湾	0	710000	32
33	香港	0	810000	33
34	澳门	0	820000	34
35	海外	0		35
36	东城	1	110101	1
37	西城	1	110102	2
40	朝阳	1	110105	5
41	丰台	1	110106	6
42	石景山	1	110107	7
43	海淀	1	110108	8
44	门头沟	1	110109	9
45	房山	1	110111	10
46	通州	1	110112	11
47	顺义	1	110113	12
48	昌平	1	110114	13
49	大兴	1	110115	14
50	怀柔	1	110116	15
51	平谷	1	110117	16
52	密云	1	110228	17
53	延庆	1	110229	18
54	和平	2	120101	1
55	河东	2	120102	2
56	河西	2	120103	3
57	南开	2	120104	4
58	河北	2	120105	5
59	红桥	2	120106	6
60	东丽	2	120110	7
61	西青	2	120111	8
62	津南	2	120112	9
63	北辰	2	120113	10
64	武清	2	120114	11
65	宝坻	2	120115	12
66	滨海新区	2	120116	13
67	宁河	2	120117	14
68	蓟州	2	120119	16
69	静海	2	120118	15
70	黄浦	3	310101	1
71	徐汇	3	310104	2
72	长宁	3	310105	3
73	静安	3	310106	4
74	普陀	3	310107	5
76	虹口	3	310109	6
77	杨浦	3	310110	7
78	闵行	3	310112	8
79	宝山	3	310113	9
80	嘉定	3	310114	10
81	浦东新区	3	310115	11
82	金山	3	310116	12
83	松江	3	310117	13
84	青浦	3	310118	14
85	奉贤	3	310120	15
86	崇明	3	310151	16
87	万州	4	500101	1
88	涪陵	4	500102	2
89	渝中	4	500103	3
90	大渡口	4	500104	4
91	江北	4	500105	5
92	沙坪坝	4	500106	6
93	九龙坡	4	500107	7
94	南岸	4	500108	8
95	北碚	4	500109	9
96	綦江	4	500110	10
97	大足	4	500111	11
98	渝北	4	500112	12
99	巴南	4	500113	13
100	黔江	4	500114	14
101	长寿	4	500115	15
102	江津	4	500116	16
103	合川	4	500117	17
104	永川	4	500118	18
105	南川	4	500119	19
106	潼南	4	500223	25
107	铜梁	4	500151	21
108	荣昌	4	500226	26
109	璧山	4	500120	20
110	梁平	4	500155	23
111	城口	4	500229	27
112	丰都	4	500230	28
113	垫江	4	500231	29
114	武隆	4	500156	24
115	忠县	4	500233	30
116	开州	4	500154	22
117	云阳	4	500235	31
118	奉节	4	500236	32
119	巫山	4	500237	33
120	巫溪	4	500238	34
121	石柱	4	500240	35
122	秀山	4	500241	36
123	酉阳	4	500242	37
124	彭水	4	500243	38
125	石家庄	5	130100	1
126	唐山	5	130200	2
127	秦皇岛	5	130300	3
128	邯郸	5	130400	4
129	邢台	5	130500	5
130	保定	5	130600	6
131	张家口	5	130700	7
132	承德	5	130800	8
133	沧州	5	130900	9
134	廊坊	5	131000	10
135	衡水	5	131100	11
136	太原	6	140100	1
137	大同	6	140200	2
138	阳泉	6	140300	3
139	长治	6	140400	4
140	晋城	6	140500	5
141	朔州	6	140600	6
142	晋中	6	140700	7
143	运城	6	140800	8
144	忻州	6	140900	9
145	临汾	6	141000	10
146	吕梁	6	141100	11
147	呼和浩特	7	150100	1
148	包头	7	150200	2
149	乌海	7	150300	3
150	赤峰	7	150400	4
151	通辽	7	150500	5
152	鄂尔多斯	7	150600	6
153	呼伦贝尔	7	150700	7
154	巴彦淖尔	7	150800	8
155	乌兰察布	7	150900	9
156	兴安	7	152200	10
157	锡林郭勒	7	152500	11
158	阿拉善	7	152900	12
159	沈阳	8	210100	1
160	大连	8	210200	2
161	鞍山	8	210300	3
162	抚顺	8	210400	4
163	本溪	8	210500	5
164	丹东	8	210600	6
165	锦州	8	210700	7
166	营口	8	210800	8
167	阜新	8	210900	9
168	辽阳	8	211000	10
169	盘锦	8	211100	11
170	铁岭	8	211200	12
171	朝阳	8	211300	13
172	葫芦岛	8	211400	14
173	长春	9	220100	1
174	吉林	9	220200	2
175	四平	9	220300	3
176	辽源	9	220400	4
177	通化	9	220500	5
178	白山	9	220600	6
179	松原	9	220700	7
180	白城	9	220800	8
181	延边	9	222400	9
182	哈尔滨	10	230100	1
183	齐齐哈尔	10	230200	2
184	鸡西	10	230300	3
185	鹤岗	10	230400	4
186	双鸭山	10	230500	5
187	大庆	10	230600	6
188	伊春	10	230700	7
189	佳木斯	10	230800	8
190	七台河	10	230900	9
191	牡丹江	10	231000	10
192	黑河	10	231100	11
193	绥化	10	231200	12
194	大兴安岭	10	232700	13
195	南京	11	320100	1
196	无锡	11	320200	2
197	徐州	11	320300	3
198	常州	11	320400	4
199	苏州	11	320500	5
200	南通	11	320600	6
201	连云港	11	320700	7
202	淮安	11	320800	8
203	盐城	11	320900	9
204	扬州	11	321000	10
205	镇江	11	321100	11
206	泰州	11	321200	12
207	宿迁	11	321300	13
208	杭州	12	330100	1
209	宁波	12	330200	2
210	温州	12	330300	3
211	嘉兴	12	330400	4
212	湖州	12	330500	5
213	绍兴	12	330600	6
214	金华	12	330700	7
215	衢州	12	330800	8
216	舟山	12	330900	9
217	台州	12	331000	10
218	丽水	12	331100	11
219	合肥	13	340100	1
220	芜湖	13	340200	2
221	蚌埠	13	340300	3
222	淮南	13	340400	4
223	马鞍山	13	340500	5
224	淮北	13	340600	6
225	铜陵	13	340700	7
226	安庆	13	340800	8
227	黄山	13	341000	9
228	滁州	13	341100	10
229	阜阳	13	341200	11
230	宿州	13	341300	12
231	六安	13	341500	13
232	亳州	13	341600	14
233	池州	13	341700	15
234	宣城	13	341800	16
235	福州	14	350100	1
236	厦门	14	350200	2
237	莆田	14	350300	3
238	三明	14	350400	4
239	泉州	14	350500	5
240	漳州	14	350600	6
241	南平	14	350700	7
242	龙岩	14	350800	8
243	宁德	14	350900	9
244	南昌	15	360100	1
245	景德镇	15	360200	2
246	萍乡	15	360300	3
247	九江	15	360400	4
248	新余	15	360500	5
249	鹰潭	15	360600	6
250	赣州	15	360700	7
251	吉安	15	360800	8
252	宜春	15	360900	9
253	抚州	15	361000	10
254	上饶	15	361100	11
255	济南	16	370100	1
256	青岛	16	370200	2
257	淄博	16	370300	3
258	枣庄	16	370400	4
259	东营	16	370500	5
260	烟台	16	370600	6
261	潍坊	16	370700	7
262	济宁	16	370800	8
263	泰安	16	370900	9
264	威海	16	371000	10
265	日照	16	371100	11
267	临沂	16	371300	13
268	德州	16	371400	14
269	聊城	16	371500	15
270	滨州	16	371600	16
271	菏泽	16	371700	17
272	郑州	17	410100	1
273	开封	17	410200	2
274	洛阳	17	410300	3
275	平顶山	17	410400	4
276	安阳	17	410500	5
277	鹤壁	17	410600	6
278	新乡	17	410700	7
279	焦作	17	410800	8
280	濮阳	17	410900	9
281	许昌	17	411000	10
282	漯河	17	411100	11
283	三门峡	17	411200	12
284	南阳	17	411300	13
285	商丘	17	411400	14
286	信阳	17	411500	15
287	周口	17	411600	16
288	驻马店	17	411700	17
289	济源	17	419001	18
290	武汉	18	420100	1
291	黄石	18	420200	2
292	十堰	18	420300	3
293	宜昌	18	420500	4
294	襄阳	18	420600	5
295	鄂州	18	420700	6
296	荆门	18	420800	7
297	孝感	18	420900	8
298	荆州	18	421000	9
299	黄冈	18	421100	10
300	咸宁	18	421200	11
301	随州	18	421300	12
302	恩施	18	422800	13
303	仙桃	18	429004	14
304	潜江	18	429005	15
305	天门	18	429006	16
306	神农架林区	18	429021	17
307	长沙	19	430100	1
308	株洲	19	430200	2
309	湘潭	19	430300	3
310	衡阳	19	430400	4
311	邵阳	19	430500	5
312	岳阳	19	430600	6
313	常德	19	430700	7
314	张家界	19	430800	8
315	益阳	19	430900	9
316	郴州	19	431000	10
317	永州	19	431100	11
318	怀化	19	431200	12
319	娄底	19	431300	13
320	湘西	19	433100	14
321	广州	20	440100	1
322	韶关	20	440200	2
323	深圳	20	440300	3
324	珠海	20	440400	4
325	汕头	20	440500	5
326	佛山	20	440600	6
327	江门	20	440700	7
328	湛江	20	440800	8
329	茂名	20	440900	9
330	肇庆	20	441200	10
331	惠州	20	441300	11
332	梅州	20	441400	12
333	汕尾	20	441500	13
334	河源	20	441600	14
335	阳江	20	441700	15
336	清远	20	441800	16
337	东莞	20	441900	17
338	中山	20	442000	18
339	潮州	20	445100	19
340	揭阳	20	445200	20
341	云浮	20	445300	21
342	南宁	21	450100	1
343	柳州	21	450200	2
344	桂林	21	450300	3
345	梧州	21	450400	4
346	北海	21	450500	5
347	防城港	21	450600	6
348	钦州	21	450700	7
349	贵港	21	450800	8
350	玉林	21	450900	9
351	百色	21	451000	10
352	贺州	21	451100	11
353	河池	21	451200	12
354	来宾	21	451300	13
355	崇左	21	451400	14
356	海口	22	460100	1
357	三亚	22	460200	2
358	三沙	22	460300	3
359	五指山	22	469001	5
360	琼海	22	469002	6
361	儋州	22	460400	4
362	文昌	22	469005	7
363	万宁	22	469006	8
364	东方	22	469007	9
365	定安	22	469021	10
366	屯昌	22	469022	11
367	澄迈	22	469023	12
368	临高	22	469024	13
369	白沙	22	469025	14
370	昌江	22	469026	15
371	乐东	22	469027	16
372	陵水	22	469028	17
373	保亭	22	469029	18
374	琼中	22	469030	19
375	成都	23	510100	1
376	自贡	23	510300	2
377	攀枝花	23	510400	3
378	泸州	23	510500	4
379	德阳	23	510600	5
380	绵阳	23	510700	6
381	广元	23	510800	7
382	遂宁	23	510900	8
383	内江	23	511000	9
384	乐山	23	511100	10
385	南充	23	511300	11
386	眉山	23	511400	12
387	宜宾	23	511500	13
388	广安	23	511600	14
389	达州	23	511700	15
390	雅安	23	511800	16
391	巴中	23	511900	17
392	资阳	23	512000	18
393	阿坝	23	513200	19
394	甘孜	23	513300	20
395	凉山	23	615000	21
396	贵阳	24	520100	1
397	六盘水	24	520200	2
398	遵义	24	520300	3
399	安顺	24	520400	4
400	毕节	24	520500	5
401	铜仁	24	520600	6
402	黔西南	24	522300	7
403	黔东南	24	522600	8
404	黔南	24	522700	9
405	昆明	25	530100	1
406	曲靖	25	530300	2
407	玉溪	25	530400	3
408	昭通	25	530600	4
409	丽江	25	530700	5
410	普洱	25	530800	6
411	临沧	25	530900	7
412	楚雄	25	532300	8
413	红河	25	532500	9
414	文山	25	532600	10
415	西双版纳	25	532800	11
416	大理	25	532900	12
417	德宏	25	533100	13
418	怒江	25	533300	14
419	迪庆	25	533400	15
420	保山	25	678000	16
421	拉萨	26	540100	1
422	昌都	26	542100	2
423	山南	26	540500	3
424	日喀则	26	542300	4
425	那曲	26	540600	5
426	阿里	26	542500	6
427	林芝	26	540400	7
428	西安	27	610100	1
429	铜川	27	610200	2
430	宝鸡	27	610300	3
431	咸阳	27	610400	4
432	渭南	27	610500	5
433	延安	27	610600	6
434	汉中	27	610700	7
435	榆林	27	610800	8
436	安康	27	610900	9
437	商洛	27	611000	10
438	兰州	28	620100	1
439	嘉峪关	28	620200	2
440	金昌	28	620300	3
441	白银	28	620400	4
442	天水	28	620500	5
443	武威	28	620600	6
444	张掖	28	620700	7
445	平凉	28	620800	8
446	酒泉	28	620900	9
447	庆阳	28	621000	10
448	定西	28	621100	11
449	陇南	28	621200	12
450	临夏	28	622900	13
451	甘南	28	623000	14
452	西宁	29	630100	1
453	海东	29	632100	2
454	海北	29	632200	3
455	黄南	29	632300	4
456	海南	29	632500	5
457	果洛	29	632600	6
458	玉树	29	632700	7
459	海西	29	632800	8
460	银川	30	640100	1
461	石嘴山	30	640200	2
462	吴忠	30	640300	3
463	固原	30	640400	4
464	中卫	30	640500	5
465	乌鲁木齐	31	650100	1
466	克拉玛依	31	650200	2
467	吐鲁番	31	652100	3
468	哈密	31	652200	4
469	昌吉	31	652300	5
470	博尔塔拉	31	652700	6
471	巴音郭楞	31	652800	7
472	阿克苏	31	652900	8
473	克孜勒苏	31	653000	9
474	喀什	31	653100	10
475	和田	31	653200	11
476	伊犁	31	654000	12
477	塔城	31	654200	13
478	阿勒泰	31	654300	14
479	石河子	31	659001	15
480	阿拉尔	31	659002	16
481	图木舒克	31	659003	17
482	五家渠	31	659004	18
483	北屯	31	659005	19
484	铁门关	31	659006	20
485	台北	32	63	1
486	高雄	32	64	2
487	基隆	32	10017	3
488	台中	32	10019	4
489	台南	32	10021	5
490	新竹	32	10018	6
491	嘉义	32	10020	7
492	新北	32		8
493	宜兰	32	10002	9
494	桃园	32	10003	10
495	新竹	32	10004	11
496	苗栗	32	10005	12
497	彰化	32	10007	13
498	南投	32	10008	14
499	云林	32	10009	15
500	嘉义	32	10020	16
501	屏东	32	10013	17
502	台东	32	10014	18
503	花莲	32	10015	19
504	澎湖	32	10016	20
505	连江	32		21
506	金门	32		22
507	中西	33		1
508	葵青	33		2
509	元朗	33		3
510	屯门	33		4
511	荃湾	33		5
512	西贡	33		6
513	沙田	33		7
514	大埔	33		8
515	北区	33		9
516	观塘	33		10
517	黄大仙	33		11
518	深水埗	33		12
519	油尖旺	33		13
520	九龙城	33		14
521	南区	33		15
522	东区	33		16
523	湾仔	33		17
524	离岛	33		18
525	花地玛	34		1
526	圣安多	34		2
527	大堂区	34		3
528	望德	34		4
529	风顺	34		5
530	嘉模	34		6
531	圣方济各	34		7
532	路氹城	34		8
533	长安	125	130102	1
535	桥西	125	130104	2
536	新华	125	130105	3
537	井陉矿	125	130107	4
538	裕华	125	130108	5
539	井陉	125	130121	9
540	正定	125	130123	10
541	栾城	125	130111	8
542	行唐	125	130125	11
543	灵寿	125	130126	12
544	高邑	125	130127	13
545	深泽	125	130128	14
546	赞皇	125	130129	15
547	无极	125	130130	16
548	平山	125	130131	17
549	元氏	125	130132	18
550	赵县	125	130133	19
551	辛集	125	130181	20
552	藁城	125	130109	6
553	晋州	125	130183	21
554	新乐	125	130184	22
555	鹿泉	125	130110	7
556	路南	126	130202	1
557	路北	126	130203	2
558	古冶	126	130204	3
559	开平	126	130205	4
560	丰南	126	130207	5
561	丰润	126	130208	6
562	滦州	126	130223	7
563	滦南	126	130224	8
564	乐亭	126	130225	9
565	迁西	126	130227	10
566	玉田	126	130229	11
567	唐海	126	130230	12
568	遵化	126	130281	13
569	迁安	126	130283	14
570	海港	127	130302	1
571	山海关	127	130303	2
572	北戴河	127	130304	3
573	青龙	127	130321	4
574	昌黎	127	130322	5
575	抚宁	127	130323	6
576	卢龙	127	130324	7
577	邯山	128	130402	1
578	丛台	128	130403	2
579	复兴	128	130404	3
580	峰峰矿	128	130406	4
582	临漳	128	130423	7
583	成安	128	130424	8
584	大名	128	130425	9
585	涉县	128	130426	10
586	磁县	128	130427	11
587	肥乡	128	130407	5
588	永年	128	130408	6
589	邱县	128	130430	12
590	鸡泽	128	130431	13
591	广平	128	130432	14
592	馆陶	128	130433	15
593	魏县	128	130434	16
594	曲周	128	130435	17
595	武安	128	130481	18
596	桥东	129	130502	1
597	桥西	129	130503	2
598	邢台	129	130521	3
599	临城	129	130522	4
600	内丘	129	130523	5
601	柏乡	129	130524	6
602	隆尧	129	130525	7
603	任县	129	130526	8
604	南和	129	130527	9
605	宁晋	129	130528	10
606	巨鹿	129	130529	11
607	新河	129	130530	12
608	广宗	129	130531	13
609	平乡	129	130532	14
610	威县	129	130533	15
611	清河	129	130534	16
612	临西	129	130535	17
613	南宫	129	130581	18
614	沙河	129	130582	19
615	竞秀	130	130602	1
616	莲池	130	130603	2
618	满城	130	130621	4
619	清苑	130	130622	5
620	涞水	130	130623	6
621	阜平	130	130624	7
622	徐水	130	130625	8
623	定兴	130	130626	9
624	唐县	130	130627	10
625	高阳	130	130628	11
626	容城	130	130629	12
627	涞源	130	130630	13
628	望都	130	130631	14
629	安新	130	130632	15
630	易县	130	130633	16
631	曲阳	130	130634	17
632	蠡县	130	130635	18
633	顺平	130	130636	19
634	博野	130	130637	20
635	雄县	130	130638	21
636	涿州	130	130681	22
637	定州	130	130682	23
638	安国	130	130683	24
639	高碑店	130	130684	25
640	桥东	131	130702	1
641	桥西	131	130703	2
642	宣化	131	130705	3
643	下花园	131	130706	4
645	张北	131	130722	7
646	康保	131	130723	8
647	沽源	131	130724	9
648	尚义	131	130725	10
649	蔚县	131	130726	11
650	阳原	131	130727	12
651	怀安	131	130728	13
652	万全	131	130708	5
653	怀来	131	130730	14
654	涿鹿	131	130731	15
655	赤城	131	130732	16
656	崇礼	131	130709	6
657	双桥	132	130802	1
658	双滦	132	130803	2
659	鹰手营子	132	130804	3
660	承德	132	130821	4
661	兴隆	132	130822	5
662	平泉	132	130881	11
663	滦平	132	130824	6
664	隆化	132	130825	7
665	丰宁	132	130826	8
666	宽城	132	130827	9
667	围场	132	130828	10
668	新华	133	130902	1
669	运河	133	130903	2
670	沧县	133	130921	3
671	青县	133	130922	4
672	东光	133	130923	5
673	海兴	133	130924	6
674	盐山	133	130925	7
675	肃宁	133	130926	8
676	南皮	133	130927	9
677	吴桥	133	130928	10
678	献县	133	130929	11
679	孟村	133	130930	12
680	泊头	133	130981	13
681	任丘	133	130982	14
682	黄骅	133	130983	15
683	河间	133	130984	16
684	安次	134	131002	1
685	广阳	134	131003	2
686	固安	134	131022	3
687	永清	134	131023	4
688	香河	134	131024	5
689	大城	134	131025	6
690	文安	134	131026	7
691	大厂	134	131028	8
692	霸州	134	131081	9
693	三河	134	131082	10
694	桃城	135	131102	1
695	枣强	135	131121	3
696	武邑	135	131122	4
697	武强	135	131123	5
698	饶阳	135	131124	6
699	安平	135	131125	7
700	故城	135	131126	8
701	景县	135	131127	9
702	阜城	135	131128	10
703	冀州	135	131103	2
704	深州	135	131182	11
705	小店	136	140105	1
706	迎泽	136	140106	2
707	杏花岭	136	140107	3
708	尖草坪	136	140108	4
709	万柏林	136	140109	5
710	晋源	136	140110	6
711	清徐	136	140121	7
712	阳曲	136	140122	8
713	娄烦	136	140123	9
714	古交	136	140181	10
715	平城	137	140213	2
716	云冈	137	140214	3
718	新荣	137	140212	1
719	阳高	137	140221	5
720	天镇	137	140222	6
721	广灵	137	140223	7
722	灵丘	137	140224	8
723	浑源	137	140225	9
724	左云	137	140226	10
725	云州	137	140215	4
726	城区	138	140302	1
727	矿区	138	140303	2
728	郊区	138	140311	3
729	平定	138	140321	4
730	盂县	138	140322	5
731	潞州	139	140403	1
733	上党	139	140404	2
734	襄垣	139	140423	5
735	屯留	139	140405	3
736	平顺	139	140425	6
737	黎城	139	140426	7
738	壶关	139	140427	8
739	长子	139	140428	9
740	武乡	139	140429	10
741	沁县	139	140430	11
742	沁源	139	140431	12
743	潞城	139	140406	4
744	城区	140	140502	1
745	沁水	140	140521	2
746	阳城	140	140522	3
747	陵川	140	140524	4
748	泽州	140	140525	5
749	高平	140	140581	6
750	朔城	141	140602	1
751	平鲁	141	140603	2
752	山阴	141	140621	3
753	应县	141	140622	4
754	右玉	141	140623	5
755	怀仁	141	140681	6
756	榆次	142	030600	1
757	榆社	142	140721	2
758	左权	142	140722	3
759	和顺	142	140723	4
760	昔阳	142	140724	5
761	寿阳	142	140725	6
762	太谷	142	140726	7
763	祁县	142	140727	8
764	平遥	142	140728	9
765	灵石	142	140729	10
766	介休	142	140781	11
767	盐湖	143	140802	1
768	临猗	143	140821	2
769	万荣	143	140822	3
770	闻喜	143	140823	4
771	稷山	143	140824	5
772	新绛	143	140825	6
773	绛县	143	140826	7
774	垣曲	143	140827	8
775	夏县	143	140828	9
776	平陆	143	140829	10
777	芮城	143	140830	11
778	永济	143	140881	12
779	河津	143	140882	13
780	忻府	144	140902	1
781	定襄	144	140921	2
782	五台	144	140922	3
783	代县	144	140923	4
784	繁峙	144	140924	5
785	宁武	144	140925	6
786	静乐	144	140926	7
787	神池	144	140927	8
788	五寨	144	140928	9
789	岢岚	144	140929	10
790	河曲	144	140930	11
791	保德	144	140931	12
792	偏关	144	140932	13
793	原平	144	140981	14
794	尧都	145	141002	1
795	曲沃	145	141021	2
796	翼城	145	141022	3
797	襄汾	145	141023	4
798	洪洞	145	141024	5
799	古县	145	141025	6
800	安泽	145	141026	7
801	浮山	145	141027	8
802	吉县	145	141028	9
803	乡宁	145	141029	10
804	大宁	145	141030	11
805	隰县	145	141031	12
806	永和	145	141032	13
807	蒲县	145	141033	14
808	汾西	145	141034	15
809	侯马	145	141081	16
810	霍州	145	141082	17
811	离石	146	141102	1
812	文水	146	141121	2
813	交城	146	141122	3
814	兴县	146	141123	4
815	临县	146	141124	5
816	柳林	146	141125	6
817	石楼	146	141126	7
818	岚县	146	141127	8
819	方山	146	141128	9
820	中阳	146	141129	10
821	交口	146	141130	11
822	孝义	146	141181	12
823	汾阳	146	141182	13
824	新城	147	150102	1
825	回民	147	150103	2
826	玉泉	147	150104	3
827	赛罕	147	150105	4
828	土默特左	147	150121	5
829	托克托	147	150122	6
830	和林格尔	147	150123	7
831	清水河	147	150124	8
832	武川	147	150125	9
833	东河	148	150202	1
834	昆都仑	148	150203	2
835	青山	148	150204	3
836	石拐	148	150205	4
837	白云	148	150206	5
838	九原	148	150207	6
839	土默特右	148	150221	7
840	固阳	148	150222	8
841	达尔罕茂明安	148	150223	9
842	海勃湾	149	150302	1
843	海南	149	150303	2
844	乌达	149	150304	3
845	红山	150	150402	1
846	元宝山	150	150403	2
847	松山	150	150404	3
848	阿鲁科尔沁	150	150421	4
849	巴林左	150	150422	5
850	巴林右	150	150423	6
851	林西	150	150424	7
852	克什克腾	150	150425	8
853	翁牛特	150	150426	9
854	喀喇沁	150	150428	10
855	宁城	150	150429	11
856	敖汉	150	150430	12
857	科尔沁	151	150502	1
858	科尔沁左翼中	151	150521	2
859	科尔沁左翼后	151	150522	3
860	开鲁	151	150523	4
861	库伦	151	150524	5
862	奈曼	151	150525	6
863	扎鲁特	151	150526	7
864	霍林郭勒	151	150581	8
865	东胜	152	150602	1
866	达拉特	152	150621	3
867	准格尔	152	150622	4
868	鄂托克前	152	150623	5
869	鄂托克	152	150624	6
870	杭锦	152	150625	7
871	乌审	152	150626	8
872	伊金霍洛	152	150627	9
873	海拉尔	153	150702	1
874	阿荣	153	150721	2
875	莫力达瓦	153	150722	3
876	鄂伦春	153	150723	4
877	鄂温克族	153	150724	5
878	陈巴尔虎	153	150725	6
879	新巴尔虎左	153	150726	7
880	新巴尔虎右	153	150727	8
881	满洲里	153	150781	9
882	牙克石	153	150782	10
883	扎兰屯	153	150783	11
884	额尔古纳	153	150784	12
885	根河	153	150785	13
886	临河	154	150802	1
887	五原	154	150821	2
888	磴口	154	150822	3
889	乌拉特前	154	150823	4
890	乌拉特中	154	150824	5
891	乌拉特后	154	150825	6
892	杭锦后	154	150826	7
893	集宁	155	150902	1
894	卓资	155	150921	2
895	化德	155	150922	3
896	商都	155	150923	4
897	兴和	155	150924	5
898	凉城	155	150925	6
899	察哈尔右翼前	155	150926	7
900	察哈尔右翼中	155	150927	8
901	察哈尔右翼后	155	150928	9
902	四子王	155	150929	10
903	丰镇	155	150981	11
904	乌兰浩特	156	152201	1
905	阿尔山	156	152202	2
906	科尔沁右翼前	156	152221	3
907	科尔沁右翼中	156	152222	4
908	扎赉特	156	152223	5
909	突泉	156	152224	6
910	二连浩特	157	152501	1
911	锡林浩特	157	152502	2
912	阿巴嘎	157	152522	3
913	苏尼特左	157	152523	4
914	苏尼特右	157	152524	5
915	东乌珠穆沁	157	152525	6
916	西乌珠穆沁	157	152526	7
917	太仆寺	157	152527	8
918	镶黄	157	152528	9
919	正镶白	157	152529	10
920	正蓝	157	152530	11
921	多伦	157	152531	12
922	阿拉善左	158	152921	1
923	阿拉善右	158	152922	2
924	额济纳	158	152923	3
925	和平	159	210102	1
926	沈河	159	210103	2
927	大东	159	210104	3
928	皇姑	159	210105	4
929	铁西	159	210106	5
930	苏家屯	159	210111	6
931	浑南	159	210112	7
932	沈北新区	159	210113	8
933	于洪	159	210114	9
934	辽中	159	210115	10
935	康平	159	210123	11
936	法库	159	210124	12
937	新民	159	210181	13
938	中山	160	210202	1
939	西岗	160	210203	2
940	沙河口	160	210204	3
941	甘井子	160	210211	4
942	旅顺口	160	210212	5
943	金州	160	210213	6
944	长海	160	210224	7
945	瓦房店	160	210281	8
946	普兰店	160	210282	9
947	庄河	160	210283	10
948	铁东	161	210302	1
949	铁西	161	210303	2
950	立山	161	210304	3
951	千山	161	210311	4
952	台安	161	210321	5
953	岫岩	161	210323	6
954	海城	161	210381	7
955	新抚	162	210402	1
956	东洲	162	210403	2
957	望花	162	210404	3
958	顺城	162	210411	4
959	抚顺	162	210421	5
960	新宾	162	210422	6
961	清原	162	210423	7
962	平山	163	210502	1
963	溪湖	163	210503	2
964	明山	163	210504	3
965	南芬	163	210505	4
966	本溪	163	210521	5
967	桓仁	163	210522	6
968	元宝	164	210602	1
969	振兴	164	210603	2
970	振安	164	210604	3
971	宽甸	164	210624	4
972	东港	164	210681	5
973	凤城	164	210682	6
974	古塔	165	210702	1
975	凌河	165	210703	2
976	太和	165	210711	3
977	黑山	165	210726	4
978	义县	165	210727	5
979	凌海	165	210781	6
980	北镇	165	210782	7
981	站前	166	210802	1
982	西市	166	210803	2
983	鲅鱼圈	166	210804	3
984	老边	166	210811	4
985	盖州	166	210881	5
986	大石桥	166	210882	6
987	海州	167	210902	1
988	新邱	167	210903	2
989	太平	167	210904	3
990	清河门	167	210905	4
991	细河	167	210911	5
992	阜新	167	210921	6
993	彰武	167	210922	7
994	白塔	168	211002	1
995	文圣	168	211003	2
996	宏伟	168	211004	3
997	弓长岭	168	211005	4
998	辽阳	168	211021	5
999	灯塔	168	211081	6
1000	太子河	168	211110	7
1001	双台子	169	211103	1
1002	兴隆台	169	211103	2
1003	大洼	169	211104	3
1004	盘山	169	211122	4
1005	银州	170	211202	1
1006	清河	170	211204	2
1007	铁岭	170	211221	3
1008	西丰	170	211223	4
1009	昌图	170	211224	5
1010	调兵山	170	211281	6
1011	开原	170	211282	7
1012	双塔	171	211302	1
1013	龙城	171	211303	2
1014	朝阳	171	211321	3
1015	建平	171	211322	4
1016	喀喇沁左翼	171	211324	5
1017	北票	171	211381	6
1018	凌源	171	211382	7
1019	连山	172	211402	1
1020	龙港	172	211403	2
1021	南票	172	211404	3
1022	绥中	172	211421	4
1023	建昌	172	211422	5
1024	兴城	172	211481	6
1025	南关	173	220102	1
1026	宽城	173	220103	2
1027	朝阳	173	220104	3
1028	二道	173	220105	4
1029	绿园	173	220106	5
1030	双阳	173	220112	6
1031	农安	173	220122	8
1032	九台	173	220113	7
1033	榆树	173	220182	9
1034	德惠	173	220183	10
1035	昌邑	174	220202	1
1036	龙潭	174	220203	2
1037	船营	174	220204	3
1038	丰满	174	220211	4
1039	永吉	174	220221	5
1040	桦甸	174	220281	6
1041	蛟河	174	220282	7
1042	舒兰	174	220283	8
1043	磐石	174	220284	9
1044	铁西	175	220302	1
1045	铁东	175	220303	2
1046	梨树	175	220322	3
1047	伊通	175	220323	4
1048	公主岭	175	220381	5
1049	双辽	175	220382	6
1050	龙山	176	220402	1
1051	西安	176	220403	2
1052	东丰	176	220421	3
1053	东辽	176	220422	4
1054	东昌	177	220502	1
1055	二道江	177	220503	2
1056	通化	177	220521	3
1057	辉南	177	220523	4
1058	柳河	177	220524	5
1059	梅河口	177	220581	6
1060	集安	177	220582	7
1061	浑江	178	220602	1
1062	江源	178	220604	2
1063	抚松	178	220621	3
1064	靖宇	178	220622	4
1065	长白	178	220623	5
1066	临江	178	220681	6
1067	宁江	179	220702	1
1068	前郭尔罗斯	179	220721	2
1069	长岭	179	220722	3
1070	乾安	179	220723	4
1071	扶余	179	220724	5
1072	洮北	180	220802	1
1073	镇赉	180	220821	2
1074	洮南	180	220881	4
1075	大安	180	220882	5
1076	通榆	180	220822	3
1077	延吉	181	222401	1
1078	图们	181	222402	2
1079	敦化	181	222403	3
1080	珲春	181	222404	4
1081	龙井	181	222405	5
1082	和龙	181	222406	6
1083	汪清	181	222424	7
1084	安图	181	222426	8
1085	道里	182	230102	1
1086	南岗	182	230103	2
1087	道外	182	230104	3
1088	平房	182	230108	4
1089	松北	182	230109	5
1090	香坊	182	230110	6
1091	呼兰	182	230111	7
1092	阿城	182	230112	8
1093	依兰	182	230123	9
1094	方正	182	230124	10
1095	宾县	182	230125	11
1096	巴彦	182	230126	12
1097	木兰	182	230127	13
1098	通河	182	230128	14
1099	延寿	182	230129	15
1100	双城	182	230182	16
1101	尚志	182	230183	17
1102	五常	182	230184	18
1103	龙沙	183	230202	1
1104	建华	183	230203	2
1105	铁锋	183	230204	3
1106	昂昂溪	183	230205	4
1107	富拉尔基	183	230206	5
1108	碾子山	183	230207	6
1109	梅里斯	183	230208	7
1110	龙江	183	230221	8
1111	依安	183	230223	9
1112	泰来	183	230224	10
1113	甘南	183	230225	11
1114	富裕	183	230227	12
1115	克山	183	230229	13
1116	克东	183	230230	14
1117	拜泉	183	230231	15
1118	讷河	183	230281	16
1119	鸡冠	184	230302	1
1120	恒山	184	230303	2
1121	滴道	184	230304	3
1122	梨树	184	230305	4
1123	城子河	184	230306	5
1124	麻山	184	230307	6
1125	鸡东	184	230321	7
1126	虎林	184	230381	8
1127	密山	184	230382	9
1128	向阳	185	230402	1
1129	工农	185	230403	2
1130	南山	185	230404	3
1131	兴安	185	230405	4
1132	东山	185	230406	5
1133	兴山	185	230407	6
1134	萝北	185	230421	7
1135	绥滨	185	230422	8
1136	尖山	186	230502	1
1137	岭东	186	230503	2
1138	四方台	186	230505	3
1139	宝山	186	230506	4
1140	集贤	186	230521	5
1141	友谊	186	230522	6
1142	宝清	186	230523	7
1143	饶河	186	230524	8
1144	萨尔图	187	230602	1
1145	龙凤	187	230603	2
1146	让胡路	187	230604	3
1147	红岗	187	230605	4
1148	大同	187	230606	5
1149	肇州	187	230621	6
1150	肇源	187	230622	7
1151	林甸	187	230623	8
1152	杜尔伯特	187	230624	9
1153	伊春	188	230702	1
1154	南岔	188	230703	2
1155	友好	188	230704	3
1156	西林	188	230705	4
1157	翠峦	188	230706	5
1158	新青	188	230707	6
1159	美溪	188	230708	7
1160	金山屯	188	230709	8
1161	五营	188	230710	9
1162	乌马河	188	230711	10
1163	汤旺河	188	230712	11
1164	带岭	188	230713	12
1165	乌伊岭	188	230714	13
1166	红星	188	230715	14
1167	上甘岭	188	230716	15
1168	嘉荫	188	230722	16
1169	铁力	188	230781	17
1170	向阳	189	230803	1
1171	前进	189	230804	2
1172	东风	189	230805	3
1173	郊区	189	230811	4
1174	桦南	189	230822	5
1175	桦川	189	230826	6
1176	汤原	189	230828	7
1177	抚远	189	230883	10
1178	同江	189	230881	8
1179	富锦	189	230882	9
1180	新兴	190	230902	1
1181	桃山	190	230903	2
1182	茄子河	190	230904	3
1183	勃利	190	230921	4
1184	东安	191	231002	1
1185	阳明	191	231003	2
1186	爱民	191	231004	3
1187	西安	191	231005	4
1188	东宁	191	231024	5
1189	林口	191	231025	6
1190	绥芬河	191	231081	7
1191	海林	191	231083	8
1192	宁安	191	231084	9
1193	穆棱	191	231085	10
1194	爱辉	192	231102	1
1195	嫩江	192	231121	2
1196	逊克	192	231123	3
1197	孙吴	192	231124	4
1198	北安	192	231181	5
1199	五大连池	192	231182	6
1200	北林	193	231202	1
1201	望奎	193	231221	2
1202	兰西	193	231222	3
1203	青冈	193	231223	4
1204	庆安	193	231224	5
1205	明水	193	231225	6
1206	绥棱	193	231226	7
1207	安达	193	231281	8
1208	肇东	193	231282	9
1209	海伦	193	231283	10
1210	加格达奇	194	232701	1
1211	松岭	194	232702	2
1212	新林	194	232703	3
1213	呼中	194	232704	4
1214	呼玛	194	232721	5
1215	塔河	194	232722	6
1216	漠河	194	232701	7
1217	玄武	195	320102	1
1218	秦淮	195	320104	2
1219	建邺	195	320105	3
1220	鼓楼	195	320106	4
1221	浦口	195	320111	5
1222	栖霞	195	320113	6
1223	雨花台	195	320114	7
1224	江宁	195	320115	8
1225	六合	195	320116	9
1226	溧水	195	320124	10
1227	高淳	195	320125	11
1228	梁溪	196	320202	1
1229	新吴	196		2
1231	锡山	196	320205	4
1232	惠山	196	320206	5
1233	滨湖	196	320211	6
1234	江阴	196	320281	7
1235	宜兴	196	320282	8
1236	鼓楼	197	320302	1
1237	云龙	197	320303	2
1238	贾汪	197	320305	3
1239	泉山	197	320311	4
1240	铜山	197	320312	5
1241	丰县	197	320321	6
1242	沛县	197	320322	7
1243	睢宁	197	320324	8
1244	新沂	197	320381	9
1245	邳州	197	320382	10
1246	天宁	198	320402	1
1247	钟楼	198	320404	2
1249	新北	198	320411	4
1250	武进	198	320412	5
1251	溧阳	198	320481	6
1252	金坛	198	320482	7
1253	虎丘	199	320505	1
1254	吴中	199	320506	2
1255	相城	199	320507	3
1256	姑苏	199	320508	4
1257	吴江	199	320509	5
1258	常熟	199	320581	6
1259	张家港	199	320582	7
1260	昆山	199	320583	8
1261	太仓	199	320585	9
1262	崇川	200	320602	1
1263	港闸	200	320611	2
1264	通州	200	320612	3
1265	海安	200	320685	4
1266	如东	200	320623	5
1267	启东	200	320681	6
1268	如皋	200	320682	7
1269	海门	200	320684	8
1270	连云	201	320703	1
1272	海州	201	320706	2
1273	赣榆	201	320721	3
1274	东海	201	320722	4
1275	灌云	201	320723	5
1276	灌南	201	320724	6
1278	淮安	202	320803	1
1279	淮阴	202	320804	2
1280	清江浦	202	320812	3
1281	涟水	202	320826	5
1282	洪泽	202	320813	4
1283	盱眙	202	320830	6
1284	金湖	202	320831	7
1285	亭湖	203	320902	1
1286	盐都	203	320903	2
1287	响水	203	320921	3
1288	滨海	203	320922	4
1289	阜宁	203	320923	5
1290	射阳	203	320924	6
1291	建湖	203	320925	7
1292	东台	203	320981	8
1293	大丰	203	320982	9
1294	广陵	204	321002	1
1295	邗江	204	321003	2
1296	江都	204	321012	3
1297	宝应	204	321023	4
1298	仪征	204	321081	5
1299	高邮	204	321084	6
1300	京口	205	321102	1
1301	润州	205	321111	2
1302	丹徒	205	321112	3
1303	丹阳	205	321181	4
1304	扬中	205	321182	5
1305	句容	205	321183	6
1306	海陵	206	321202	1
1307	高港	206	321203	2
1308	兴化	206	321281	3
1309	靖江	206	321282	4
1310	泰兴	206	321283	5
1311	姜堰	206	321284	6
1312	宿城	207	321302	1
1313	宿豫	207	321311	2
1314	沭阳	207	321322	3
1315	泗阳	207	321323	4
1316	泗洪	207	321324	5
1317	上城	208	330102	1
1318	下城	208	330103	2
1319	江干	208	330104	3
1320	拱墅	208	330105	4
1321	西湖	208	330106	5
1322	滨江	208	330108	6
1323	萧山	208	330109	7
1324	余杭	208	330110	8
1325	桐庐	208	330122	10
1326	淳安	208	330127	11
1327	建德	208	330182	12
1328	富阳	208	330183	13
1329	临安	208	330112	9
1330	海曙	209	330203	1
1332	江北	209	330205	3
1333	北仑	209	330206	4
1334	镇海	209	330211	5
1335	鄞州	209	330212	6
1336	象山	209	330225	8
1337	宁海	209	330226	9
1338	余姚	209	330281	10
1339	慈溪	209	330282	11
1340	奉化	209	330213	7
1341	鹿城	210	330302	1
1342	龙湾	210	330303	2
1343	瓯海	210	330304	3
1344	洞头	210	330322	4
1345	永嘉	210	330324	5
1346	平阳	210	330326	6
1347	苍南	210	330327	7
1348	文成	210	330328	8
1349	泰顺	210	330329	9
1350	瑞安	210	330381	10
1351	乐清	210	330382	11
1352	南湖	211	330402	1
1353	秀洲	211	330411	2
1354	嘉善	211	330421	3
1355	海盐	211	330424	4
1356	海宁	211	330481	5
1357	平湖	211	330482	6
1358	桐乡	211	330483	7
1359	吴兴	212	330502	1
1360	南浔	212	330503	2
1361	德清	212	330521	3
1362	长兴	212	330522	4
1363	安吉	212	330523	5
1364	越城	213	330602	1
1365	柯桥	213	330603	2
1366	新昌	213	330624	4
1367	诸暨	213	330681	5
1368	上虞	213	330604	3
1369	嵊州	213	330683	6
1370	婺城	214	330702	1
1371	金东	214	330703	2
1372	武义	214	330723	3
1373	浦江	214	330726	4
1374	磐安	214	330727	5
1375	兰溪	214	330781	6
1376	义乌	214	330782	7
1377	东阳	214	330783	8
1378	永康	214	330784	9
1379	柯城	215	330802	1
1380	衢江	215	330803	2
1381	常山	215	330822	3
1382	开化	215	330824	4
1383	龙游	215	330825	5
1384	江山	215	330881	6
1385	定海	216	330902	1
1386	普陀	216	330903	2
1387	岱山	216	330921	3
1388	嵊泗	216	330922	4
1389	椒江	217	331002	1
1390	黄岩	217	331003	2
1391	路桥	217	331004	3
1392	玉环	217	331083	9
1393	三门	217	331022	4
1394	天台	217	331023	5
1395	仙居	217	331024	6
1396	温岭	217	331081	7
1397	临海	217	331082	8
1398	莲都	218	331102	1
1399	青田	218	331121	2
1400	缙云	218	331122	3
1401	遂昌	218	331123	4
1402	松阳	218	331124	5
1403	云和	218	331125	6
1404	庆元	218	331126	7
1405	景宁	218	331127	8
1406	龙泉	218	331181	9
1407	瑶海	219	340102	1
1408	庐阳	219	340103	2
1409	蜀山	219	340104	3
1410	包河	219	340111	4
1411	长丰	219	340121	5
1412	肥东	219	340122	6
1413	肥西	219	340123	7
1414	庐江	219	340124	8
1415	巢湖	219	340181	9
1416	镜湖	220	340202	1
1417	弋江	220	340203	2
1418	鸠江	220	340207	3
1419	三山	220	340208	4
1420	芜湖	220	340221	5
1421	繁昌	220	340222	6
1422	南陵	220	340223	7
1423	无为	220	340225	8
1424	龙子湖	221	340302	1
1425	蚌山	221	340303	2
1426	禹会	221	340304	3
1427	淮上	221	340311	4
1428	怀远	221	340321	5
1429	五河	221	340322	6
1430	固镇	221	340323	7
1431	大通	222	340402	1
1432	田家庵	222	340403	2
1433	谢家集	222	340404	3
1434	八公山	222	340405	4
1435	潘集	222	340406	5
1436	凤台	222	340421	6
1437	花山	223	340503	1
1438	雨山	223	340504	2
1439	博望	223	340506	3
1440	当涂	223	340521	4
1441	含山	223	340522	5
1442	和县	223	340523	6
1443	杜集	224	340602	1
1444	相山	224	340603	2
1445	烈山	224	340604	3
1446	濉溪	224	340621	4
1447	铜官山	225	340702	1
1449	郊区	225	340711	3
1450	义安	225	340721	4
1451	迎江	226	340802	1
1452	大观	226	340803	2
1453	宜秀	226	340811	3
1454	怀宁	226	340822	4
1455	枞阳	225	340823	5
1456	潜山	226	340824	6
1457	太湖	226	340825	7
1458	宿松	226	340826	8
1459	望江	226	340827	9
1460	岳西	226	340828	10
1461	桐城	226	340881	11
1462	屯溪	227	341002	1
1463	黄山	227	341003	2
1464	徽州	227	341004	3
1465	歙县	227	341021	4
1466	休宁	227	341022	5
1467	黟县	227	341023	6
1468	祁门	227	341024	7
1469	琅玡	228	341102	1
1470	南谯	228	341103	2
1471	来安	228	341122	3
1472	全椒	228	341124	4
1473	定远	228	341125	5
1474	凤阳	228	341126	6
1475	天长	228	341181	7
1476	明光	228	341182	8
1477	颍州	229	341202	1
1478	颍东	229	341203	2
1479	颍泉	229	341204	3
1480	临泉	229	341221	4
1481	太和	229	341222	5
1482	阜南	229	341225	6
1483	颖上	229	341226	7
1484	界首	229	341282	8
1485	埇桥	230	341302	1
1486	砀山	230	341321	2
1487	萧县	230	341322	3
1488	灵璧	230	341323	4
1489	泗县	230	341324	5
1490	金安	231	341502	1
1491	裕安	231	341503	2
1492	寿县	222	341521	3
1493	霍邱	231	341522	4
1494	舒城	231	341523	5
1495	金寨	231	341524	6
1496	霍山	231	341525	7
1497	谯城	232	341602	1
1498	涡阳	232	341621	2
1499	蒙城	232	341622	3
1500	利辛	232	341623	4
1501	贵池	233	341702	1
1502	东至	233	341721	2
1503	石台	233	341722	3
1504	青阳	233	341723	4
1505	宣州	234	341802	1
1506	郎溪	234	341821	2
1507	广德	234	341822	3
1508	泾县	234	341823	4
1509	绩溪	234	341824	5
1510	旌德	234	341825	6
1511	宁国	234	341881	7
1512	鼓楼	235	350102	1
1513	台江	235	350103	2
1514	仓山	235	350104	3
1515	马尾	235	350105	4
1516	晋安	235	350111	5
1517	闽侯	235	350121	7
1518	连江	235	350122	8
1519	罗源	235	350123	9
1520	闽清	235	350124	10
1521	永泰	235	350125	11
1522	平潭	235	350128	12
1523	福清	235	350181	13
1524	长乐	235	350112	6
1525	思明	236	350203	1
1526	海沧	236	350205	2
1527	湖里	236	350206	3
1528	集美	236	350211	4
1529	同安	236	350212	5
1530	翔安	236	350213	6
1531	城厢	237	350302	1
1532	涵江	237	350303	2
1533	荔城	237	350304	3
1534	秀屿	237	350305	4
1535	仙游	237	350322	5
1536	梅列	238	350402	1
1537	三元	238	350403	2
1538	明溪	238	350421	3
1539	清流	238	350423	4
1540	宁化	238	350424	5
1541	大田	238	350425	6
1542	尤溪	238	350426	7
1543	沙县	238	350427	8
1544	将乐	238	350428	9
1545	泰宁	238	350429	10
1546	建宁	238	350430	11
1547	永安	238	350481	12
1548	鲤城	239	350502	1
1549	丰泽	239	350503	2
1550	洛江	239	350504	3
1551	泉港	239	350505	4
1552	惠安	239	350521	5
1553	安溪	239	350524	6
1554	永春	239	350525	7
1555	德化	239	350526	8
1556	金门	239	350527	9
1557	石狮	239	350581	10
1558	晋江	239	350582	11
1559	南安	239	350583	12
1560	芗城	240	350602	1
1561	龙文	240	350603	2
1562	云霄	240	350622	3
1563	漳浦	240	350623	4
1564	诏安	240	350624	5
1565	长泰	240	350625	6
1566	东山	240	350626	7
1567	南靖	240	350627	8
1568	平和	240	350628	9
1569	华安	240	350629	10
1570	龙海	240	350681	11
1571	延平	241	350702	1
1572	顺昌	241	350721	3
1573	浦城	241	350722	4
1574	光泽	241	350723	5
1575	松溪	241	350724	6
1576	政和	241	350725	7
1577	邵武	241	350781	8
1578	武夷山	241	350782	9
1579	建瓯	241	350783	10
1580	建阳	241	350703	2
1581	新罗	242	350802	1
1582	长汀	242	350821	3
1583	永定	242	350803	2
1584	上杭	242	350823	4
1585	武平	242	350824	5
1586	连城	242	350825	6
1587	漳平	242	350881	7
1588	蕉城	243	350902	1
1589	霞浦	243	350921	2
1590	古田	243	350922	3
1591	屏南	243	350923	4
1592	寿宁	243	350924	5
1593	周宁	243	350925	6
1594	柘荣	243	350926	7
1595	福安	243	350981	8
1596	福鼎	243	350982	9
1597	东湖	244	360102	1
1598	西湖	244	360103	2
1599	青云谱	244	360104	3
1600	湾里	244	360105	4
1601	青山湖	244	360111	5
1602	南昌	244	360121	6
1603	新建	244	360122	7
1604	安义	244	360123	8
1605	进贤	244	360124	9
1606	昌江	245	360202	1
1607	珠山	245	360203	2
1608	浮梁	245	360222	3
1609	乐平	245	360281	4
1610	安源	246	360302	1
1611	湘东	246	360313	2
1612	莲花	246	360321	3
1613	上栗	246	360322	4
1614	芦溪	246	360323	5
1615	濂溪	247	360402	1
1616	浔阳	247	360403	2
1617	柴桑	247	360404	3
1618	武宁	247	360423	4
1619	修水	247	360424	5
1620	永修	247	360425	6
1621	德安	247	360426	7
1622	庐山	247	360483	13
1623	都昌	247	360428	8
1624	湖口	247	360429	9
1625	彭泽	247	360430	10
1626	瑞昌	247	360481	11
1627	共青城	247	360482	12
1628	渝水	248	360502	1
1629	分宜	248	360521	2
1630	月湖	249	360602	1
1631	余江	249	360603	2
1632	贵溪	249	360681	3
1633	章贡	250	360702	1
1634	赣县	250	360704	2
1635	信丰	250	360722	3
1636	大余	250	360723	4
1637	上犹	250	360724	5
1638	崇义	250	360725	6
1639	安远	250	360726	7
1640	龙南	250	360727	8
1641	定南	250	360728	9
1642	全南	250	360729	10
1643	宁都	250	360730	11
1644	于都	250	360731	12
1645	兴国	250	360732	13
1646	会昌	250	360733	14
1647	寻乌	250	360734	15
1648	石城	250	360735	16
1649	瑞金	250	360781	17
1650	南康	250	360782	18
1651	吉州	251	360802	1
1652	青原	251	360803	2
1653	吉安	251	360821	3
1654	吉水	251	360822	4
1655	峡江	251	360823	5
1656	新干	251	360824	6
1657	永丰	251	360825	7
1658	泰和	251	360826	8
1659	遂川	251	360827	9
1660	万安	251	360828	10
1661	安福	251	360829	11
1662	永新	251	360830	12
1663	井冈山	251	360881	13
1664	袁州	252	360902	1
1665	奉新	252	360921	2
1666	万载	252	360922	3
1667	上高	252	360923	4
1668	宜丰	252	360924	5
1669	靖安	252	360925	6
1670	铜鼓	252	360926	7
1671	丰城	252	360981	8
1672	樟树	252	360982	9
1673	高安	252	360983	10
1674	临川	253	361002	1
1675	南城	253	361021	3
1676	黎川	253	361022	4
1677	南丰	253	361023	5
1678	崇仁	253	361024	6
1679	乐安	253	361025	7
1680	宜黄	253	361026	8
1681	金溪	253	361027	9
1682	资溪	253	361028	10
1683	东乡	253	361003	2
1684	广昌	253	361030	11
1685	信州	254	361102	1
1686	上饶	254	361121	3
1687	广丰	254	361122	2
1688	玉山	254	361123	4
1689	铅山	254	361124	5
1690	横峰	254	361125	6
1691	弋阳	254	361126	7
1692	余干	254	361127	8
1693	鄱阳	254	361128	9
1694	万年	254	361129	10
1695	婺源	254	361130	11
1696	德兴	254	361181	12
1697	历下	255	370102	1
1698	市中	255	370103	2
1699	槐荫	255	370104	3
1700	天桥	255	370105	4
1701	历城	255	370112	5
1702	长清	255	370113	6
1703	平阴	255	370124	11
1704	济阳	255	370115	8
1705	商河	255	370126	12
1706	章丘	255	370114	7
1707	市南	256	370202	1
1708	市北	256	370203	2
1709	黄岛	256	370211	3
1710	崂山	256	370212	4
1711	李沧	256	370213	5
1712	城阳	256	370214	6
1713	胶州	256	370281	8
1714	即墨	256	370215	7
1715	平度	256	370283	9
1716	莱西	256	370285	10
1717	淄川	257	370302	1
1718	张店	257	370303	2
1719	博山	257	370304	3
1720	临淄	257	370305	4
1721	周村	257	370306	5
1722	桓台	257	370321	6
1723	高青	257	370322	7
1724	沂源	257	370323	8
1725	市中	258	370402	1
1726	薛城	258	370403	2
1727	峄城	258	370404	3
1728	台儿庄	258	370405	4
1729	山亭	258	370406	5
1730	滕州	258	370481	6
1731	东营	259	370502	1
1732	河口	259	370503	2
1733	垦利	259	370505	3
1734	利津	259	370522	4
1735	广饶	259	370523	5
1736	芝罘	260	370602	1
1737	福山	260	370611	2
1738	牟平	260	370612	3
1739	莱山	260	370613	4
1740	长岛	260	370634	5
1741	龙口	260	370681	6
1742	莱阳	260	370682	7
1743	莱州	260	370683	8
1744	蓬莱	260	370684	9
1745	招远	260	370685	10
1746	栖霞	260	370686	11
1747	海阳	260	370687	12
1748	潍城	261	370702	1
1749	寒亭	261	370703	2
1750	坊子	261	370704	3
1751	奎文	261	370705	4
1752	临朐	261	370724	5
1753	昌乐	261	370725	6
1754	青州	261	370781	7
1755	诸城	261	370782	8
1756	寿光	261	370783	9
1757	安丘	261	370784	10
1758	高密	261	370785	11
1759	昌邑	261	370786	12
1761	任城	262	370811	1
1762	微山	262	370826	3
1763	鱼台	262	370827	4
1764	金乡	262	370828	5
1765	嘉祥	262	370829	6
1766	汶上	262	370830	7
1767	泗水	262	370831	8
1768	梁山	262	370832	9
1769	曲阜	262	370881	10
1770	兖州	262	370812	2
1771	邹城	262	370883	11
1772	泰山	263	370902	1
1773	岱岳	263	370911	2
1774	宁阳	263	370921	3
1775	东平	263	370923	4
1776	新泰	263	370982	5
1777	肥城	263	370983	6
1778	环翠	264	371002	1
1779	文登	264	371003	2
1780	荣成	264	371082	3
1781	乳山	264	371083	4
1782	东港	265	371102	1
1783	岚山	265	371103	2
1784	五莲	265	371121	3
1785	莒县	265	371122	4
1786	莱芜	255	370116	9
1787	钢城	255	370117	10
1788	兰山	267	371302	1
1789	罗庄	267	371311	2
1790	河东	267	371312	3
1791	沂南	267	371321	4
1792	郯城	267	371322	5
1793	沂水	267	371323	6
1794	兰陵	267	371324	7
1795	费县	267	371325	8
1796	平邑	267	371326	9
1797	莒南	267	371327	10
1798	蒙阴	267	371328	11
1799	临沭	267	371329	12
1800	德城	268	371402	1
1801	陵城	268	371403	2
1802	宁津	268	371422	3
1803	庆云	268	371423	4
1804	临邑	268	371424	5
1805	齐河	268	371425	6
1806	平原	268	371426	7
1807	夏津	268	371427	8
1808	武城	268	371428	9
1809	乐陵	268	371481	10
1810	禹城	268	371482	11
1811	东昌府	269	371502	1
1812	阳谷	269	371521	2
1813	莘县	269	371522	3
1814	茌平	269	371523	4
1815	东阿	269	371524	5
1816	冠县	269	371525	6
1817	高唐	269	371526	7
1818	临清	269	371581	8
1819	滨城	270	371602	1
1820	惠民	270	371621	2
1821	阳信	270	371622	3
1822	无棣	270	371623	4
1823	沾化	270	371624	5
1824	博兴	270	371625	6
1825	邹平	270	371626	7
1826	牡丹	271	371702	1
1827	曹县	271	371721	3
1828	单县	271	371722	4
1829	成武	271	371723	5
1830	巨野	271	371724	6
1831	郓城	271	371725	7
1832	鄄城	271	371726	8
1833	定陶	271	371703	2
1834	东明	271	371728	9
1835	中原	272	410102	1
1836	二七	272	410103	2
1837	管城	272	410104	3
1838	金水	272	410105	4
1839	上街	272	410106	5
1840	惠济	272	410108	6
1841	中牟	272	410122	7
1842	巩义	272	410181	8
1843	荥阳	272	410182	9
1844	新密	272	410183	10
1845	新郑	272	410184	11
1846	登封	272	410185	12
1847	龙亭	273	410202	1
1848	顺河	273	410203	2
1849	鼓楼	273	410204	3
1850	禹王台	273	410205	4
1852	杞县	273	410221	6
1853	通许	273	410222	7
1854	尉氏	273	410223	8
1855	祥符	273	410212	5
1856	兰考	273	410225	9
1857	老城	274	410302	1
1858	西工	274	410303	2
1859	瀍河	274	410304	3
1860	涧西	274	410305	4
1861	吉利	274	410306	5
1862	洛龙	274	410311	6
1863	孟津	274	410322	7
1864	新安	274	410323	8
1865	栾川	274	410324	9
1866	嵩县	274	410325	10
1867	汝阳	274	410326	11
1868	宜阳	274	410327	12
1869	洛宁	274	410328	13
1870	伊川	274	410329	14
1871	偃师	274	410381	15
1872	新华	275	410402	1
1873	卫东	275	410403	2
1874	石龙	275	410404	3
1875	湛河	275	410411	4
1876	宝丰	275	410421	5
1877	叶县	275	410422	6
1878	鲁山	275	410423	7
1879	郏县	275	410425	8
1880	舞钢	275	410481	9
1881	汝州	275	410482	10
1882	文峰	276	410502	1
1883	北关	276	410503	2
1884	殷都	276	410505	3
1885	龙安	276	410506	4
1886	安阳	276	410522	5
1887	汤阴	276	410523	6
1888	滑县	276	410526	7
1889	内黄	276	410527	8
1890	林州	276	410581	9
1891	鹤山	277	410602	1
1892	山城	277	410603	2
1893	淇滨	277	410611	3
1894	浚县	277	410621	4
1895	淇县	277	410622	5
1896	红旗	278	410702	1
1897	卫滨	278	410703	2
1898	凤泉	278	410704	3
1899	牧野	278	410711	4
1900	新乡	278	410721	5
1901	获嘉	278	410724	6
1902	原阳	278	410725	7
1903	延津	278	410726	8
1904	封丘	278	410727	9
1905	长垣	278	410728	10
1906	卫辉	278	410781	11
1907	辉县	278	410782	12
1908	解放	279	410802	1
1909	中站	279	410803	2
1910	马村	279	410804	3
1911	山阳	279	410811	4
1912	修武	279	410821	5
1913	博爱	279	410822	6
1914	武陟	279	410823	7
1915	温县	279	410825	8
1916	沁阳	279	410882	9
1917	孟州	279	410883	10
1918	华龙	280	410902	1
1919	清丰	280	410922	2
1920	南乐	280	410923	3
1921	范县	280	410926	4
1922	台前	280	410927	5
1923	濮阳	280	410928	6
1924	魏都	281	411002	1
1925	建安	281	411003	2
1926	鄢陵	281	411024	3
1927	襄城	281	411025	4
1928	禹州	281	411081	5
1929	长葛	281	411082	6
1930	源汇	282	411102	1
1931	郾城	282	411103	2
1932	召陵	282	411104	3
1933	舞阳	282	411121	4
1934	临颍	282	411122	5
1935	湖滨	283	411202	1
1936	渑池	283	411221	3
1937	陕州	283	411222	2
1938	卢氏	283	411224	4
1939	义马	283	411281	5
1940	灵宝	283	411282	6
1941	宛城	284	411302	1
1942	卧龙	284	411303	2
1943	南召	284	411321	3
1944	方城	284	411322	4
1945	西峡	284	411323	5
1946	镇平	284	411324	6
1947	内乡	284	411325	7
1948	淅川	284	411326	8
1949	社旗	284	411327	9
1950	唐河	284	411328	10
1951	新野	284	411329	11
1952	桐柏	284	411330	12
1953	邓州	284	411381	13
1954	粱园	285	411402	1
1955	睢阳	285	411403	2
1956	民权	285	411421	3
1957	睢县	285	411422	4
1958	宁陵	285	411423	5
1959	柘城	285	411424	6
1960	虞城	285	411425	7
1961	夏邑	285	411426	8
1962	永城	285	411481	9
1963	浉河	286	411502	1
1964	平桥	286	411503	2
1965	罗山	286	411521	3
1966	光山	286	411522	4
1967	新县	286	411523	5
1968	商城	286	411524	6
1969	固始	286	411525	7
1970	潢川	286	411526	8
1971	淮滨	286	411527	9
1972	息县	286	411528	10
1973	川汇	287	411602	1
1974	扶沟	287	411621	2
1975	西华	287	411622	3
1976	商水	287	411623	4
1977	沈丘	287	411624	5
1978	郸城	287	411625	6
1979	淮阳	287	411626	7
1980	太康	287	411627	8
1981	鹿邑	287	411628	9
1982	项城	287	411681	10
1983	驿城	288	411702	1
1984	西平	288	411721	2
1985	上蔡	288	411722	3
1986	平舆	288	411723	4
1987	正阳	288	411724	5
1988	确山	288	411725	6
1989	泌阳	288	411726	7
1990	汝南	288	411727	8
1991	遂平	288	411728	9
1992	新蔡	288	411729	10
1993	江岸	290	420102	1
1994	江汉	290	420103	2
1995	硚口	290	420104	3
1996	汉阳	290	420105	4
1997	武昌	290	420106	5
1998	青山	290	420107	6
1999	洪山	290	420111	7
2000	东西湖	290	420112	8
2001	汉南	290	420113	9
2002	蔡甸	290	420114	10
2003	江夏	290	420115	11
2004	黄陂	290	420116	12
2005	新洲	290	420117	13
2006	黄石港	291	420202	1
2007	西塞山	291	420203	2
2008	下陆	291	420204	3
2009	铁山	291	420205	4
2010	阳新	291	420222	5
2011	大冶	291	420281	6
2012	茅箭	292	420302	1
2013	张湾	292	420303	2
2014	郧阳	292	420304	3
2015	郧西	292	420322	4
2016	竹山	292	420323	5
2017	竹溪	292	420324	6
2018	房县	292	420325	7
2019	丹江口	292	420381	8
2020	西陵	293	420502	1
2021	伍家岗	293	420503	2
2022	点军	293	420504	3
2023	虢亭	293	420505	4
2024	夷陵	293	420506	5
2025	远安	293	420525	6
2026	兴山	293	420526	7
2027	秭归	293	420527	8
2028	长阳	293	420528	9
2029	五峰	293	420529	10
2030	宜都	293	420581	11
2031	当阳	293	420582	12
2032	枝江	293	420583	13
2033	襄城	294	420602	1
2034	樊城	294	420606	2
2035	襄州	294	420607	3
2036	南漳	294	420624	4
2037	谷城	294	420625	5
2038	保康	294	420626	6
2039	老河口	294	420682	7
2040	枣阳	294	420683	8
2041	宜城	294	420684	9
2042	粱子湖	295	420702	1
2043	华容	295	420703	2
2044	鄂城	295	420704	3
2045	东宝	296	420802	1
2046	掇刀	296	420804	2
2047	京山	296	420882	3
2048	沙洋	296	420822	4
2049	钟祥	296	420881	5
2050	孝南	297	420902	1
2051	大悟	297	420922	2
2052	云梦	297	420923	3
2053	应城	297	420981	4
2054	安陆	297	420982	5
2055	汉川	297	420984	6
2056	沙市	298	421002	1
2057	荆州	298	421003	2
2058	公安	298	421022	3
2059	监利	298	421023	4
2060	江陵	298	421024	5
2061	石首	298	421081	6
2062	洪湖	298	421083	7
2063	松滋	298	421087	8
2064	黄州	299	421102	1
2065	团风	299	421121	2
2066	红安	299	421122	3
2067	罗田	299	421123	4
2068	英山	299	421124	5
2069	浠水	299	421125	6
2070	蕲春	299	421126	7
2071	黄梅	299	421127	8
2072	麻城	299	421181	9
2073	武穴	299	421182	10
2074	咸安	300	421202	1
2075	嘉鱼	300	421221	2
2076	通城	300	421222	3
2077	崇阳	300	421223	4
2078	通山	300	421224	5
2079	赤壁	300	421281	6
2080	曾都	301	421303	1
2081	随县	301	421321	2
2082	广水	301	421381	3
2083	恩施	302	422801	1
2084	利川	302	422802	2
2085	建始	302	422822	3
2086	巴东	302	422823	4
2087	宣恩	302	422825	5
2088	咸丰	302	422826	6
2089	来凤	302	422827	7
2090	鹤峰	302	422828	8
2091	芙蓉	307	430102	1
2092	天心	307	430103	2
2093	岳麓	307	430104	3
2094	开福	307	430105	4
2095	雨花	307	430111	5
2096	望城	307	430112	6
2097	长沙	307	430121	7
2098	宁乡	307	430182	8
2099	浏阳	307	430181	9
2100	荷塘	308	430202	1
2101	芦淞	308	430203	2
2102	石峰	308	430204	3
2103	天元	308	430211	4
2104	渌口	308	430212	5
2105	攸县	308	430223	6
2106	茶陵	308	430224	7
2107	炎陵	308	430225	8
2108	醴陵	308	430281	9
2109	雨湖	309	430302	1
2110	岳塘	309	430304	2
2111	湘潭	309	430321	3
2112	湘乡	309	430381	4
2113	韶山	309	430382	5
2114	珠晖	310	430405	1
2115	雁峰	310	430406	2
2116	石鼓	310	430407	3
2117	蒸湘	310	430408	4
2118	南岳	310	430412	5
2119	衡阳	310	430421	6
2120	衡南	310	430422	7
2121	衡山	310	430423	8
2122	衡东	310	430424	9
2123	祁东	310	430426	10
2124	耒阳	310	430481	11
2125	常宁	310	430482	12
2126	双清	311	430502	1
2127	大祥	311	430503	2
2128	北塔	311	430511	3
2129	邵东	311	430521	4
2130	新邵	311	430522	5
2131	邵阳	311	430523	6
2132	隆回	311	430524	7
2133	洞口	311	430525	8
2134	绥宁	311	430527	9
2135	新宁	311	430528	10
2136	城步	311	430529	11
2137	武冈	311	430581	12
2138	岳阳楼	312	430602	1
2139	云溪	312	430603	2
2140	君山	312	430611	3
2141	岳阳	312	430621	4
2142	华容	312	430623	5
2143	湘阴	312	430624	6
2144	平江	312	430626	7
2145	汨罗	312	430681	8
2146	临湘	312	430682	9
2147	武陵	313	430702	1
2148	鼎城	313	430703	2
2149	安乡	313	430721	3
2150	汉寿	313	430722	4
2151	澧县	313	430723	5
2152	临澧	313	430724	6
2153	桃源	313	430725	7
2154	石门	313	430726	8
2155	津市	313	430781	9
2156	永定	314	430802	1
2157	武陵源	314	430811	2
2158	慈利	314	430821	3
2159	桑植	314	430822	4
2160	资阳	315	430902	1
2161	赫山	315	430903	2
2162	南县	315	430921	3
2163	桃江	315	430922	4
2164	安化	315	430923	5
2165	沅江	315	430981	6
2166	北湖	316	431002	1
2167	苏仙	316	431003	2
2168	桂阳	316	431021	3
2169	宜章	316	431022	4
2170	永兴	316	431023	5
2171	嘉禾	316	431024	6
2172	临武	316	431025	7
2173	汝城	316	431026	8
2174	桂东	316	431027	9
2175	安仁	316	431028	10
2176	资兴	316	431081	11
2177	零陵	317	431102	1
2178	冷水滩	317	431103	2
2179	祁阳	317	431121	3
2180	东安	317	431122	4
2181	双牌	317	431123	5
2182	道县	317	431124	6
2183	江永	317	431125	7
2184	宁远	317	431126	8
2185	蓝山	317	431127	9
2186	新田	317	431128	10
2187	江华	317	431129	11
2188	鹤城	318	431202	1
2189	中方	318	431221	2
2190	沅陵	318	431222	3
2191	辰溪	318	431223	4
2192	溆浦	318	431224	5
2193	会同	318	431225	6
2194	麻阳	318	431226	7
2195	新晃	318	431227	8
2196	芷江	318	431228	9
2197	靖州	318	431229	10
2198	通道	318	431230	11
2199	洪江	318	431281	12
2200	娄星	319	431302	1
2201	双峰	319	431321	2
2202	新化	319	431322	3
2203	冷水江	319	431381	4
2204	涟源	319	431382	5
2205	吉首	320	433101	1
2206	泸溪	320	433122	2
2207	凤凰	320	433123	3
2208	花垣	320	433124	4
2209	保靖	320	433125	5
2210	古丈	320	433126	6
2211	永顺	320	433127	7
2212	龙山	320	433130	8
2213	荔湾	321	440103	1
2214	越秀	321	440104	2
2215	海珠	321	440105	3
2216	天河	321	440106	4
2217	白云	321	440111	5
2218	黄埔	321	440112	6
2219	番禺	321	440113	7
2220	花都	321	440114	8
2221	南沙	321	440115	9
2223	增城	321	440118	12
2224	从化	321	440117	11
2225	武江	322	440203	1
2226	浈江	322	440204	2
2227	曲江	322	440205	3
2228	始兴	322	440222	4
2229	仁化	322	440224	5
2230	翁源	322	440229	6
2231	乳源	322	440232	7
2232	新丰	322	440233	8
2233	乐昌	322	440281	9
2234	南雄	322	440282	10
2235	罗湖	323	440303	1
2236	福田	323	440304	2
2237	南山	323	440305	3
2238	宝安	323	440306	4
2239	龙岗	323	440307	5
2240	盐田	323	440308	6
2241	香洲	324	440402	1
2242	斗门	324	440403	2
2243	金湾	324	440404	3
2244	龙湖	325	440507	1
2245	金平	325	440511	2
2246	濠江	325	440512	3
2247	潮阳	325	440513	4
2248	潮南	325	440514	5
2249	澄海	325	440515	6
2250	南澳	325	440523	7
2251	禅城	326	440604	1
2252	南海	326	440605	2
2253	顺德	326	440606	3
2254	三水	326	440607	4
2255	高明	326	440608	5
2256	蓬江	327	440703	1
2257	江海	327	440704	2
2258	新会	327	440705	3
2259	台山	327	440781	4
2260	开平	327	440783	5
2261	鹤山	327	440784	6
2262	恩平	327	440785	7
2263	赤坎	328	440802	1
2264	霞山	328	440803	2
2265	坡头	328	440804	3
2266	麻章	328	440811	4
2267	遂溪	328	440823	5
2268	徐闻	328	440825	6
2269	廉江	328	440881	7
2270	雷州	328	440882	8
2271	吴川	328	440883	9
2272	茂南	329	440902	1
2274	电白	329	440904	2
2275	高州	329	440981	3
2276	化州	329	440982	4
2277	信宜	329	440983	5
2278	端州	330	441202	1
2279	鼎湖	330	441203	2
2280	广宁	330	441223	3
2281	怀集	330	441224	4
2282	封开	330	441225	5
2283	德庆	330	441226	6
2284	高要	330	441283	7
2285	四会	330	441284	8
2286	惠城	331	441302	1
2287	惠阳	331	441303	2
2288	博罗	331	441322	3
2289	惠东	331	441323	4
2290	龙门	331	441324	5
2291	梅江	332	441402	1
2292	梅县	332	441403	2
2293	大埔	332	441422	3
2294	丰顺	332	441423	4
2295	五华	332	441424	5
2296	平远	332	441426	6
2297	蕉岭	332	441427	7
2298	兴宁	332	441481	8
2299	城区	333	441502	1
2300	海丰	333	441521	2
2301	陆河	333	441523	3
2302	陆丰	333	441581	4
2303	源城	334	441602	1
2304	紫金	334	441621	2
2305	龙川	334	441622	3
2306	连平	334	441623	4
2307	和平	334	441624	5
2308	东源	334	441625	6
2309	江城	335	441702	1
2310	阳西	335	441721	2
2311	阳东	335	441723	3
2312	阳春	335	441781	4
2313	清城	336	441802	1
2314	佛冈	336	441821	2
2315	阳山	336	441823	3
2316	连山	336	441825	4
2317	连南	336	441826	5
2318	清新	336	441827	6
2319	英德	336	441881	7
2320	连州	336	441882	8
2321	湘桥	339	445102	1
2322	潮安	339	445121	2
2323	饶平	339	445122	3
2324	榕城	340	445202	1
2325	揭东	340	445221	2
2326	揭西	340	445222	3
2327	惠来	340	445224	4
2328	普宁	340	445281	5
2329	云城	341	445302	1
2330	新兴	341	445321	3
2331	郁南	341	445322	4
2332	云安	341	445302	2
2333	罗定	341	445381	5
2334	兴宁	342	450102	1
2335	青秀	342	450103	2
2336	江南	342	450105	3
2337	西乡塘	342	450107	4
2338	良庆	342	450108	5
2339	邕宁	342	450109	6
2340	武鸣	342	450122	7
2341	隆安	342	450123	8
2342	马山	342	450124	9
2343	上林	342	450125	10
2344	宾阳	342	450126	11
2345	横县	342	450127	12
2346	城中	343	450202	1
2347	鱼峰	343	450203	2
2348	柳南	343	450204	3
2349	柳北	343	450205	4
2350	柳江	343	450206	5
2351	柳城	343	450222	6
2352	鹿寨	343	450223	7
2353	融安	343	450224	8
2354	融水	343	450225	9
2355	三江	343	450226	10
2356	秀峰	344	450302	1
2357	叠彩	344	450303	2
2358	象山	344	450304	3
2359	七星	344	450305	4
2360	雁山	344	450311	5
2361	阳朔	344	450321	6
2362	临桂	344	450322	7
2363	灵川	344	450323	8
2364	全州	344	450324	9
2365	兴安	344	450325	10
2366	永福	344	450326	11
2367	灌阳	344	450327	12
2368	龙胜	344	450328	13
2369	资源	344	450329	14
2370	平乐	344	450330	15
2371	荔浦	344	450331	16
2372	恭城	344	450332	17
2373	龙圩	345		1
2374	万秀	345	450403	2
2375	长洲	345	450405	3
2376	苍梧	345	450421	4
2377	藤县	345	450422	5
2378	蒙山	345	450423	6
2379	岑溪	345	450481	7
2380	海城	346	450502	1
2381	银海	346	450503	2
2382	铁山港	346	450512	3
2383	合浦	346	450521	4
2384	港口	347	450602	1
2385	防城	347	450603	2
2386	上思	347	450621	3
2387	东兴	347	450681	4
2388	钦南	348	450702	1
2389	钦北	348	450703	2
2390	灵山	348	450721	3
2391	浦北	348	450722	4
2392	港北	349	450802	1
2393	港南	349	450803	2
2394	覃塘	349	450804	3
2395	桂平	349	450821	4
2396	平南	349	450881	5
2397	玉州	350	450902	1
2398	容县	350	450921	3
2399	陆川	350	450922	4
2400	博白	350	450923	5
2401	兴业	350	450924	6
2402	北流	350	450981	7
2403	右江	351	451002	1
2404	田阳	351	451021	2
2405	田东	351	451022	3
2406	平果	351	451023	4
2407	德保	351	451024	5
2408	靖西	351	451025	6
2409	那坡	351	451026	7
2410	凌云	351	451027	8
2411	乐业	351	451028	9
2412	田林	351	451029	10
2413	西林	351	451030	11
2414	隆林	351	451031	12
2415	八步	352	451102	1
2416	昭平	352	451121	3
2417	钟山	352	451122	4
2418	富川	352	451123	5
2419	金城江	353	451202	1
2420	南丹	353	451221	3
2421	天峨	353	451222	4
2422	凤山	353	451223	5
2423	东兰	353	451224	6
2424	罗城	353	451225	7
2425	环江	353	451226	8
2426	巴马	353	451227	9
2427	都安	353	451228	10
2428	大化	353	451229	11
2429	宜州	353	451203	2
2430	兴宾	354	451302	1
2431	忻城	354	451321	2
2432	象州	354	451322	3
2433	武宣	354	451323	4
2434	金秀	354	451324	5
2435	合山	354	451381	6
2436	江州	355	451402	1
2437	扶绥	355	451421	2
2438	宁明	355	451422	3
2439	龙州	355	451423	4
2440	大新	355	451424	5
2441	天等	355	451425	6
2442	凭祥	355	451481	7
2443	秀英	356	460105	1
2444	龙华	356	460106	2
2445	琼山	356	460107	3
2446	美兰	356	460108	4
2447	锦江	375	510104	1
2448	青羊	375	510105	2
2449	金牛	375	510106	3
2450	武侯	375	510107	4
2451	成华	375	510108	5
2452	龙泉驿	375	510112	6
2453	青白江	375	510113	7
2454	新都	375	510114	8
2455	温江	375	510115	9
2456	金堂	375	510121	12
2457	双流	375	510116	10
2458	郫都	375	510117	11
2459	大邑	375	510129	13
2460	蒲江	375	510131	14
2461	新津	375	510132	15
2462	都江堰	375	510181	16
2463	彭州	375	510182	17
2464	邛崃	375	510183	18
2465	崇州	375	510184	19
2466	自流井	376	510302	1
2467	贡井	376	510303	2
2468	大安	376	510304	3
2469	沿滩	376	510311	4
2470	荣县	376	510321	5
2471	富顺	376	510322	6
2472	东区	377	510402	1
2473	西区	377	510403	2
2474	仁和	377	510411	3
2475	米易	377	510421	4
2476	盐边	377	510422	5
2477	江阳	378	510502	1
2478	纳溪	378	510503	2
2479	龙马潭	378	510504	3
2480	泸县	378	510521	4
2481	合江	378	510522	5
2482	叙永	378	510524	6
2483	古蔺	378	510525	7
2484	旌阳	379	510603	1
2485	中江	379	510623	3
2486	罗江	379	510604	2
2487	广汉	379	510681	4
2488	什邡	379	510682	5
2489	绵竹	379	510683	6
2490	涪城	380	510703	1
2491	游仙	380	510704	2
2492	三台	380	510722	4
2493	盐亭	380	510723	5
2494	安州	380	510705	3
2495	梓潼	380	510725	6
2496	北川	380	510726	7
2497	平武	380	510727	8
2498	江油	380	510781	9
2499	利州	381	510802	1
2500	昭化	381	510811	2
2501	朝天	381	510812	3
2502	旺苍	381	510821	4
2503	青川	381	510822	5
2504	剑阁	381	510823	6
2505	苍溪	381	510824	7
2506	船山	382	510903	1
2507	安居	382	510904	2
2508	蓬溪	382	510921	3
2509	射洪	382	510922	4
2510	大英	382	510923	5
2511	市中	383	511002	1
2512	东兴	383	511011	2
2513	威远	383	511024	3
2514	资中	383	511025	4
2515	隆昌	383	511083	5
2516	市中	384	511102	1
2517	沙湾	384	511111	2
2518	五通桥	384	511112	3
2519	金口河	384	511113	4
2520	犍为	384	511123	5
2521	井研	384	511124	6
2522	夹江	384	511126	7
2523	沐川	384	511129	8
2524	峨边	384	511132	9
2525	马边	384	511133	10
2526	峨眉山	384	511181	11
2527	顺庆	385	511302	1
2528	高坪	385	511303	2
2529	嘉陵	385	511304	3
2530	南部	385	511321	4
2531	营山	385	511322	5
2532	蓬安	385	511323	6
2533	仪陇	385	511324	7
2534	西充	385	511325	8
2535	阆中	385	511381	9
2536	东坡	386	511402	1
2537	仁寿	386	511421	2
2538	彭山	386	511422	3
2539	洪雅	386	511423	4
2540	丹棱	386	511424	5
2541	青神	386	511425	6
2542	翠屏	387	511502	1
2543	南溪	387	511503	2
2544	叙州	387	511504	3
2545	江安	387	511523	4
2546	长宁	387	511524	5
2547	高县	387	511525	6
2548	珙县	387	511526	7
2549	筠连	387	511527	8
2550	兴文	387	511528	9
2551	屏山	387	511529	10
2552	广安	388	511602	1
2553	岳池	388	511621	3
2554	武胜	388	511622	4
2555	邻水	388	511623	5
2556	华蓥	388	511681	6
2557	通川	389	511702	1
2558	达川	389	511721	2
2559	宣汉	389	511722	3
2560	开江	389	511723	4
2561	大竹	389	511724	5
2562	渠县	389	511725	6
2563	万源	389	511781	7
2564	雨城	390	511802	1
2565	名山	390	511803	2
2566	荥经	390	511822	3
2567	汉源	390	511823	4
2568	石棉	390	511824	5
2569	天全	390	511825	6
2570	芦山	390	511826	7
2571	宝兴	390	511827	8
2572	巴州	391	511902	1
2573	通江	391	511921	2
2574	南江	391	511922	3
2575	平昌	391	511923	4
2576	雁江	392	512002	1
2577	安岳	392	512021	2
2578	乐至	392	512022	3
2579	简阳	375	510185	4
2580	马尔康	393	513229	1
2581	汶川	393	513221	2
2582	理县	393	513222	3
2583	茂县	393	513223	4
2584	松潘	393	513224	5
2585	九寨沟	393	513225	6
2586	金川	393	513226	7
2587	小金	393	513227	8
2588	黑水	393	513228	9
2589	壤塘	393	513230	10
2590	阿坝	393	513231	11
2591	若尔盖	393	513232	12
2592	红原	393	513233	13
2593	康定	394	513301	1
2594	泸定	394	513322	2
2595	丹巴	394	513323	3
2596	九龙	394	513324	4
2597	雅江	394	513325	5
2598	道孚	394	513326	6
2599	炉霍	394	513327	7
2600	甘孜	394	513328	8
2601	新龙	394	513329	9
2602	德格	394	513330	10
2603	白玉	394	513331	11
2604	石渠	394	513332	12
2605	色达	394	513333	13
2606	理塘	394	513334	14
2607	巴塘	394	513335	15
2608	乡城	394	513336	16
2609	稻城	394	513337	17
2610	得荣	394	513338	18
2611	西昌	395	513401	1
2612	木里	395	513422	2
2613	盐源	395	513423	3
2614	德昌	395	513424	4
2615	会理	395	513425	5
2616	会东	395	513426	6
2617	宁南	395	513427	7
2618	普格	395	513428	8
2619	布拖	395	513429	9
2620	金阳	395	513430	10
2621	昭觉	395	513431	11
2622	喜德	395	513432	12
2623	冕宁	395	513433	13
2624	越西	395	513434	14
2625	甘洛	395	513435	15
2626	美姑	395	513436	16
2627	雷波	395	513437	17
2628	观山湖	396		1
2629	南明	396	520102	2
2630	云岩	396	520103	3
2631	花溪	396	520111	4
2632	乌当	396	520112	5
2633	白云	396	520113	6
2634	开阳	396	520121	7
2635	息烽	396	520122	8
2636	修文	396	520123	9
2637	清镇	396	520181	10
2638	钟山	397	520201	1
2639	六枝特	397	520203	2
2640	水城	397	520221	3
2641	盘州	397	520281	4
2642	红花岗	398	520302	1
2643	汇川	398	520303	2
2644	播州	398	520304	3
2645	桐梓	398	520322	4
2646	绥阳	398	520323	5
2647	正安	398	520324	6
2648	道真	398	520325	7
2649	务川	398	520326	8
2650	凤冈	398	520327	9
2651	湄潭	398	520328	10
2652	余庆	398	520329	11
2653	习水	398	520330	12
2654	赤水	398	520381	13
2655	仁怀	398	520382	14
2656	西秀	399	520402	1
2657	平坝	399	520403	2
2658	普定	399	520422	3
2659	镇宁	399	520423	4
2660	关岭	399	520424	5
2661	紫云	399	520425	6
2662	七星关	400	520502	1
2663	大方	400	520521	2
2664	黔西	400	520522	3
2665	金沙	400	520523	4
2666	织金	400	520524	5
2667	纳雍	400	520525	6
2668	威宁	400	520526	7
2669	赫章	400	520527	8
2670	碧江	401	520602	1
2671	万山	401	520603	2
2672	江口	401	520621	3
2673	玉屏	401	520622	4
2674	石阡	401	520623	5
2675	思南	401	520624	6
2676	印江	401	520625	7
2677	德江	401	520626	8
2678	沿河	401	520627	9
2679	松桃	401	520628	10
2680	兴义	402	522301	1
2681	兴仁	402	522322	2
2682	普安	402	522323	3
2683	晴隆	402	522324	4
2684	贞丰	402	522325	5
2685	望谟	402	522326	6
2686	册亨	402	522327	7
2687	安龙	402	522328	8
2688	凯里	403	522601	1
2689	黄平	403	522622	2
2690	施秉	403	522623	3
2691	三穗	403	522624	4
2692	镇远	403	522625	5
2693	岑巩	403	522626	6
2694	天柱	403	522627	7
2695	锦屏	403	522628	8
2696	剑河	403	522629	9
2697	台江	403	522630	10
2698	黎平	403	522631	11
2699	榕江	403	522632	12
2700	从江	403	522633	13
2701	雷山	403	522634	14
2702	麻江	403	522635	15
2703	丹寨	403	522636	16
2704	都匀	404	522701	1
2705	福泉	404	522702	2
2706	荔波	404	522722	3
2707	贵定	404	522723	4
2708	瓮安	404	522725	5
2709	独山	404	522726	6
2710	平塘	404	522727	7
2711	罗甸	404	522728	8
2712	长顺	404	522729	9
2713	龙里	404	522730	10
2714	惠水	404	522731	11
2715	三都	404	522732	12
2716	五华	405	530102	1
2717	盘龙	405	530103	2
2718	官渡	405	530111	3
2719	西山	405	530112	4
2720	东川	405	530113	5
2721	呈贡	405	530114	6
2722	晋宁	405	530115	7
2723	富民	405	530124	8
2724	宜良	405	530125	9
2725	石林	405	530126	10
2726	嵩明	405	530127	11
2727	禄劝	405	530128	12
2728	寻甸	405	530129	13
2729	安宁	405	530181	14
2730	麒麟	406	530302	1
2731	马龙	406	530304	3
2732	陆良	406	530322	4
2733	师宗	406	530323	5
2734	罗平	406	530324	6
2735	富源	406	530325	7
2736	会泽	406	530326	8
2737	沾益	406	530303	2
2738	宣威	406	530381	9
2739	红塔	407	530402	1
2740	江川	407	530421	2
2741	澄江	407	530422	3
2742	通海	407	530423	4
2743	华宁	407	530424	5
2744	易门	407	530425	6
2745	峨山	407	530426	7
2746	新平	407	530427	8
2747	元江	407	530428	9
2748	昭阳	408	530602	1
2749	鲁甸	408	530621	2
2750	巧家	408	530622	3
2751	盐津	408	530623	4
2752	大关	408	530624	5
2753	永善	408	530625	6
2754	绥江	408	530626	7
2755	镇雄	408	530627	8
2756	彝良	408	530628	9
2757	威信	408	530629	10
2758	水富	408	530630	11
2759	古城	409	530702	1
2760	玉龙	409	530721	2
2761	永胜	409	530722	3
2762	华坪	409	530723	4
2763	宁蒗	409	530724	5
2764	思茅	410	530802	1
2765	宁洱	410	530821	2
2766	墨江	410	530822	3
2767	景东	410	530823	4
2768	景谷	410	530824	5
2769	镇沅	410	530825	6
2770	江城	410	530826	7
2771	孟连	410	530827	8
2772	澜沧	410	530828	9
2773	西盟	410	530829	10
2774	临翔	411	530902	1
2775	凤庆	411	530921	2
2776	云县	411	530922	3
2777	永德	411	530923	4
2778	镇康	411	530924	5
2779	双江	411	530925	6
2780	耿马	411	530926	7
2781	沧源	411	530927	8
2782	楚雄	412	532301	1
2783	双柏	412	532322	2
2784	牟定	412	532323	3
2785	南华	412	532324	4
2786	姚安	412	532325	5
2787	大姚	412	532326	6
2788	永仁	412	532327	7
2789	元谋	412	532328	8
2790	武定	412	532329	9
2791	禄丰	412	532331	10
2792	个旧	413	532501	1
2793	开远	413	532502	2
2794	蒙自	413	532503	3
2795	屏边	413	532523	4
2796	建水	413	532524	5
2797	石屏	413	532525	6
2798	弥勒	413	532526	7
2799	泸西	413	532527	8
2800	元阳	413	532528	9
2801	红河	413	532529	10
2802	金平	413	532530	11
2803	绿春	413	532531	12
2804	河口	413	532532	13
2805	文山	414	532601	1
2806	砚山	414	532622	2
2807	西畴	414	532623	3
2808	麻栗坡	414	532624	4
2809	马关	414	532625	5
2810	丘北	414	532626	6
2811	广南	414	532627	7
2812	富宁	414	532628	8
2813	景洪	415	532801	1
2814	勐海	415	532822	2
2815	勐腊	415	532823	3
2816	大理	416	532901	1
2817	漾濞	416	532922	2
2818	祥云	416	532923	3
2819	宾川	416	532924	4
2820	弥渡	416	532925	5
2821	南涧	416	532926	6
2822	巍山	416	532927	7
2823	永平	416	532928	8
2824	云龙	416	532929	9
2825	洱源	416	532930	10
2826	剑川	416	532931	11
2827	鹤庆	416	532932	12
2828	瑞丽	417	533102	1
2829	芒市	417	533103	2
2830	梁河	417	533122	3
2831	盈江	417	533123	4
2832	陇川	417	533124	5
2833	泸水	418	533301	1
2834	福贡	418	533323	2
2835	贡山	418	533324	3
2836	兰坪	418	533325	4
2837	香格里拉	419	533421	1
2838	德钦	419	533422	2
2839	维西	419	533423	3
2840	隆阳	420	530502	1
2841	施甸	420	530521	2
2842	腾冲	420	530522	3
2843	龙陵	420	530523	4
2844	昌宁	420	530524	5
2845	城关	421	540102	1
2846	林周	421	540121	3
2847	当雄	421	540122	4
2848	尼木	421	540123	5
2849	曲水	421	540124	6
2850	堆龙德庆	421	540125	7
2851	达孜	421	540104	2
2852	墨竹工卡	421	540127	8
2853	卡若	422	542121	1
2854	江达	422	542122	2
2855	贡觉	422	542123	3
2856	类乌齐	422	542124	4
2857	丁青	422	542125	5
2858	察雅	422	542126	6
2859	八宿	422	542127	7
2860	左贡	422	542128	8
2861	芒康	422	542129	9
2862	洛隆	422	542132	10
2863	边坝	422	542133	11
2864	乃东	423	540502	1
2865	扎囊	423	540521	2
2866	贡嘎	423	540522	3
2867	桑日	423	540523	4
2868	琼结	423	540524	5
2869	曲松	423	540525	6
2870	措美	423	540526	7
2871	洛扎	423	540527	8
2872	加查	423	540528	9
2873	隆子	423	540529	10
2874	错那	423	540530	11
2875	浪卡子	423	540531	12
2876	桑珠孜	424	542301	1
2877	南木林	424	542322	2
2878	江孜	424	542323	3
2879	定日	424	542324	4
2880	萨迦	424	542325	5
2881	拉孜	424	542326	6
2882	昂仁	424	542327	7
2883	谢通门	424	542328	8
2884	白朗	424	542329	9
2885	仁布	424	542330	10
2886	康马	424	542331	11
2887	定结	424	542332	12
2888	仲巴	424	542333	13
2889	亚东	424	542334	14
2890	吉隆	424	542335	15
2891	聂拉木	424	542336	16
2892	萨嘎	424	542337	17
2893	岗巴	424	542338	18
2894	双湖	425	540630	11
2895	色尼	425	540602	1
2896	嘉黎	425	540621	2
2897	比如	425	540622	3
2898	聂荣	425	540623	4
2899	安多	425	540624	5
2900	申扎	425	540625	6
2901	索县	425	540626	7
2902	班戈	425	540627	8
2903	巴青	425	540628	9
2904	尼玛	425	540629	10
2905	普兰	426	542521	1
2906	札达	426	542522	2
2907	噶尔	426	542523	3
2908	日土	426	542524	4
2909	革吉	426	542525	5
2910	改则	426	542526	6
2911	措勤	426	542527	7
2912	巴宜	427	540402	1
2913	工布江达	427	542621	2
2914	米林	427	542621	3
2915	墨脱	427	542621	4
2916	波密	427	542621	5
2917	察隅	427	542621	6
2918	朗县	427	542621	7
2919	新城	428	610102	1
2920	碑林	428	610103	2
2921	莲湖	428	610104	3
2922	灞桥	428	610111	4
2923	未央	428	610112	5
2924	雁塔	428	610113	6
2925	阎良	428	610114	7
2926	临潼	428	610115	8
2927	长安	428	610116	9
2928	蓝田	428	610122	12
2929	周至	428	610124	13
2930	鄠邑	428	610118	11
2931	高陵	428	610117	10
2932	王益	429	610202	1
2933	印台	429	610203	2
2934	耀州	429	610204	3
2935	宜君	429	610222	4
2936	渭滨	430	610302	1
2937	金台	430	610303	2
2938	陈仓	430	610304	3
2939	凤翔	430	610322	4
2940	岐山	430	610323	5
2941	扶风	430	610324	6
2942	眉县	430	610326	7
2943	陇县	430	610327	8
2944	千阳	430	610328	9
2945	麟游	430	610329	10
2946	凤县	430	610330	11
2947	太白	430	610331	12
2948	秦都	431	610402	1
2949	杨陵	431	610403	2
2950	渭城	431	610404	3
2951	三原	431	610422	4
2952	泾阳	431	610423	5
2953	乾县	431	610424	6
2954	礼泉	431	610425	7
2955	永寿	431	610426	8
2956	彬州	431	610482	14
2957	长武	431	610428	9
2958	旬邑	431	610429	10
2959	淳化	431	610430	11
2960	武功	431	610431	12
2961	兴平	431	610481	13
2962	临渭	432	610502	1
2963	华州	432	610521	2
2964	潼关	432	610522	3
2965	大荔	432	610523	4
2966	合阳	432	610524	5
2967	澄城	432	610525	6
2968	蒲城	432	610526	7
2969	白水	432	610527	8
2970	富平	432	610528	9
2971	韩城	432	610581	10
2972	华阴	432	610582	11
2973	宝塔	433	610602	1
2974	延长	433	610621	3
2975	延川	433	610622	4
2976	子长	433	610623	5
2977	安塞	433	610603	2
2978	志丹	433	610625	6
2979	吴起	433	610626	7
2980	甘泉	433	610627	8
2981	富县	433	610628	9
2982	洛川	433	610629	10
2983	宜川	433	610630	11
2984	黄龙	433	610631	12
2985	黄陵	433	610632	13
2986	汉台	434	610702	1
2987	南郑	434	610703	2
2988	城固	434	610722	3
2989	洋县	434	610723	4
2990	西乡	434	610724	5
2991	勉县	434	610725	6
2992	宁强	434	610726	7
2993	略阳	434	610727	8
2994	镇巴	434	610728	9
2995	留坝	434	610729	10
2996	佛坪	434	610730	11
2997	榆阳	435	610802	1
2998	神木	435	610881	12
2999	府谷	435	610822	2
3000	横山	435	610823	3
3001	靖边	435	610824	4
3002	定边	435	610825	5
3003	绥德	435	610826	6
3004	米脂	435	610827	7
3005	佳县	435	610828	8
3006	吴堡	435	610829	9
3007	清涧	435	610830	10
3008	子洲	435	610831	11
3009	汉滨	436	610902	1
3010	汉阴	436	610921	2
3011	石泉	436	610922	3
3012	宁陕	436	610923	4
3013	紫阳	436	610924	5
3014	岚皋	436	610925	6
3015	平利	436	610926	7
3016	镇坪	436	610927	8
3017	旬阳	436	610928	9
3018	白河	436	610929	10
3019	商州	437	611002	1
3020	洛南	437	611021	2
3021	丹凤	437	611022	3
3022	商南	437	611023	4
3023	山阳	437	611024	5
3024	镇安	437	611025	6
3025	柞水	437	611026	7
3026	城关	438	620102	1
3027	七里河	438	620103	2
3028	西固	438	620104	3
3029	安宁	438	620105	4
3030	红古	438	620111	5
3031	永登	438	620121	6
3032	皋兰	438	620122	7
3033	榆中	438	620123	8
3034	镜铁	439	620201	1
3035	长城	439	620201	2
3036	雄关	439	620201	3
3037	金川	440	620302	1
3038	永昌	440	620321	2
3039	白银	441	620402	1
3040	平川	441	620403	2
3041	靖远	441	620421	3
3042	会宁	441	620422	4
3043	景泰	441	620423	5
3044	秦州	442	620502	1
3045	麦积	442	620503	2
3046	清水	442	620521	3
3047	秦安	442	620522	4
3048	甘谷	442	620523	5
3049	武山	442	620524	6
3050	张家川	442	620525	7
3051	凉州	443	620602	1
3052	民勤	443	620621	2
3053	古浪	443	620622	3
3054	天祝	443	620623	4
3055	甘州	444	620702	1
3056	肃南	444	620721	2
3057	民乐	444	620722	3
3058	临泽	444	620723	4
3059	高台	444	620724	5
3060	山丹	444	620725	6
3061	崆峒	445	620802	1
3062	泾川	445	620821	2
3063	灵台	445	620822	3
3064	崇信	445	620823	4
3065	华亭	445	620881	7
3066	庄浪	445	620825	5
3067	静宁	445	620826	6
3068	肃州	446	620902	1
3069	金塔	446	620921	2
3070	瓜州	446	620922	3
3071	肃北	446	620923	4
3072	阿克塞	446	620924	5
3073	玉门	446	620981	6
3074	敦煌	446	620982	7
3075	西峰	447	621002	1
3076	庆城	447	621021	2
3077	环县	447	621022	3
3078	华池	447	621023	4
3079	合水	447	621024	5
3080	正宁	447	621025	6
3081	宁县	447	621026	7
3082	镇原	447	621027	8
3083	安定	448	621102	1
3084	通渭	448	621121	2
3085	陇西	448	621122	3
3086	渭源	448	621123	4
3087	临洮	448	621124	5
3088	漳县	448	621125	6
3089	岷县	448	621126	7
3090	武都	449	621202	1
3091	成县	449	621221	2
3092	文县	449	621222	3
3093	宕昌	449	621223	4
3094	康县	449	621224	5
3095	西和	449	621225	6
3096	礼县	449	621226	7
3097	徽县	449	621227	8
3098	两当	449	621228	9
3099	临夏	450	622901	1
3100	临夏	450	622921	2
3101	康乐	450	622922	3
3102	永靖	450	622923	4
3103	广河	450	622924	5
3104	和政	450	622925	6
3105	东乡族	450	622926	7
3106	积石山	450	622927	8
3107	合作	451	623001	1
3108	临潭	451	623021	2
3109	卓尼	451	623022	3
3110	舟曲	451	623023	4
3111	迭部	451	623024	5
3112	玛曲	451	623025	6
3113	碌曲	451	623026	7
3114	夏河	451	623027	8
3115	城东	452	630102	1
3116	城中	452	630103	2
3117	城西	452	630104	3
3118	城北	452	630105	4
3119	大通	452	630121	5
3120	湟中	452	630122	6
3121	湟源	452	630123	7
3122	乐都	453	630202	1
3123	平安	453	632121	2
3124	民和	453	632122	3
3125	互助	453	632126	4
3126	化隆	453	632127	5
3127	循化	453	632128	6
3128	门源	454	632221	1
3129	祁连	454	632222	2
3130	海晏	454	632223	3
3131	刚察	454	632224	4
3132	同仁	455	632321	1
3133	尖扎	455	632322	2
3134	泽库	455	632323	3
3135	河南	455	632324	4
3136	共和	456	632521	1
3137	同德	456	632522	2
3138	贵德	456	632523	3
3139	兴海	456	632524	4
3140	贵南	456	632525	5
3141	玛沁	457	632621	1
3142	班玛	457	632622	2
3143	甘德	457	632623	3
3144	达日	457	632624	4
3145	久治	457	632625	5
3146	玛多	457	632626	6
3147	玉树	458	632721	1
3148	杂多	458	632722	2
3149	治多	458	632724	3
3150	囊谦	458	632725	4
3151	曲麻莱	458	632726	5
3154	茫崖	459	632803	3
3155	格尔木	459	632801	1
3156	德令哈	459	632802	2
3157	乌兰	459	632821	4
3158	都兰	459	632822	5
3159	天峻	459	632823	6
3160	兴庆	460	640104	1
3161	西夏	460	640105	2
3162	金凤	460	640106	3
3163	永宁	460	640121	4
3164	贺兰	460	640122	5
3165	灵武	460	640181	6
3166	大武口	461	640202	1
3167	惠农	461	640205	2
3168	平罗	461	640221	3
3169	红寺堡	462		1
3170	利通	462	640302	2
3171	盐池	462	640323	3
3172	同心	462	640324	4
3173	青铜峡	462	640381	5
3174	原州	463	640402	1
3175	西吉	463	640422	2
3176	隆德	463	640423	3
3177	泾源	463	640424	4
3178	彭阳	463	640425	5
3179	沙坡头	464	640502	1
3180	中宁	464	640521	2
3181	海原	464	640522	3
3182	天山	465	650102	1
3183	沙依巴克	465	650103	2
3184	新市	465	650104	3
3185	水磨沟	465	650105	4
3186	头屯河	465	650106	5
3187	达坂城	465	650107	6
3188	米东	465	650109	7
3189	乌鲁木齐	465	650121	8
3190	独山子	466	650202	1
3191	克拉玛依	466	650203	2
3192	白碱滩	466	650204	3
3193	乌尔禾	466	650205	4
3194	高昌	467	652101	1
3195	鄯善	467	652122	2
3196	托克逊	467	652123	3
3197	伊州	468	650502	1
3198	巴里坤	468	650521	2
3199	伊吾	468	650522	3
3200	昌吉	469	652301	1
3201	阜康	469	652302	2
3202	呼图壁	469	652323	3
3203	玛纳斯	469	652324	4
3204	奇台	469	652325	5
3205	吉木萨尔	469	652327	6
3206	木垒	469	652328	7
3207	阿拉山口	470		1
3208	博乐	470	652701	2
3209	精河	470	652722	3
3210	温泉	470	652723	4
3211	库尔勒	471	652801	1
3212	轮台	471	652822	2
3213	尉犁	471	652823	3
3214	若羌	471	652824	4
3215	且末	471	652825	5
3216	焉耆	471	652826	6
3217	和静	471	652827	7
3218	和硕	471	652828	8
3219	博湖	471	652829	9
3220	阿克苏	472	652901	1
3221	温宿	472	652922	2
3222	库车	472	652923	3
3223	沙雅	472	652924	4
3224	新和	472	652925	5
3225	拜城	472	652926	6
3226	乌什	472	652927	7
3227	阿瓦提	472	652928	8
3228	柯坪	472	652929	9
3229	阿图什	473	653001	1
3230	阿克陶	473	653022	2
3231	阿合奇	473	653023	3
3232	乌恰	473	653024	4
3233	喀什	474	653101	1
3234	疏附	474	653121	2
3235	疏勒	474	653122	3
3236	英吉沙	474	653123	4
3237	泽普	474	653124	5
3238	莎车	474	653125	6
3239	叶城	474	653126	7
3240	麦盖提	474	653127	8
3241	岳普湖	474	653128	9
3242	伽师	474	653129	10
3243	巴楚	474	653130	11
3244	塔什库尔干	474	653131	12
3245	和田	475	653201	1
3246	和田	475	653221	2
3247	墨玉	475	653222	3
3248	皮山	475	653223	4
3249	洛浦	475	653224	5
3250	策勒	475	653225	6
3251	于田	475	653226	7
3252	民丰	475	653227	8
3253	伊宁	476	654002	1
3254	奎屯	476	654003	2
3255	伊宁	476	654021	4
3256	察布查尔锡伯	476	654022	5
3257	霍城	476	654023	6
3258	巩留	476	654024	7
3259	新源	476	654025	8
3260	昭苏	476	654026	9
3261	特克斯	476	654027	10
3262	尼勒克	476	654028	11
3263	塔城	477	654201	1
3264	乌苏	477	654202	2
3265	额敏	477	654221	3
3266	沙湾	477	654223	4
3267	托里	477	654224	5
3268	裕民	477	654225	6
3269	和布克赛尔	477	654226	7
3270	阿勒泰	478	654301	1
3271	布尔津	478	654321	2
3272	富蕴	478	654322	3
3273	福海	478	654323	4
3274	哈巴河	478	654324	5
3275	青河	478	654325	6
3276	吉木乃	478	654326	7
3277	松山	485	6300100	1
3278	信义	485	6300200	2
3279	大安	485	6300300	3
3280	中山	485	6300400	4
3281	中正	485	6300500	5
3282	大同	485	6300600	6
3283	万华	485	6300700	7
3284	文山	485	6300800	8
3285	南港	485	6300900	9
3286	内湖	485	6301000	10
3287	士林	485	6301100	11
3288	北投	485	6301200	12
3289	盐埕	486	6400100	1
3290	鼓山	486	6400200	2
3291	左营	486	6400300	3
3292	楠梓	486	6400400	4
3293	三民	486	6400500	5
3294	新兴	486	6400600	6
3295	前金	486	6400700	7
3296	苓雅	486	6400800	8
3297	前镇	486	6400900	9
3298	旗津	486	6401000	10
3299	小港	486	6401100	11
3300	中正	487	1001701	1
3301	七堵	487	1001702	2
3302	暖暖	487	1001703	3
3303	仁爱	487	1001704	4
3304	中山	487	1001705	5
3305	安乐	487	1001706	6
3306	信义	487	1001707	7
3307	大安	488		1
3308	神冈	488		2
3309	石冈	488		3
3310	东势	488		4
3311	新社	488		5
3312	和平	488		6
3313	大肚	488		7
3314	沙鹿	488		8
3315	龙井	488		9
3316	梧栖	488		10
3317	清水	488		11
3318	大甲	488		12
3319	外埔	488		13
3320	大雅	488		14
3321	潭子	488		15
3322	后里	488		16
3323	丰原	488		17
3324	乌日	488		18
3325	雾峰	488		19
3326	大里	488		20
3327	太平	488		21
3328	中区	488	1001901	22
3329	东区	488	1001902	23
3330	南区	488	1001903	24
3331	西区	488	1001904	25
3332	北区	488	1001905	26
3333	西屯	488	1001906	27
3334	南屯	488	1001907	28
3335	北屯	488	1001908	29
3336	东区	489	1002101	1
3337	南区	489	1002102	2
3338	北区	489	1002104	3
3339	安南	489	1002106	4
3340	安平	489	1002107	5
3341	中西	489	1002108	6
3342	东区	490	1001801	1
3343	北区	490	1001802	2
3344	香山	490	1001803	3
3345	东区	491	1002001	1
3346	西区	491	1002002	2
3347	板桥	492		1
3348	瑞芳	492		2
3349	八里	492		3
3350	深坑	492		4
3351	三芝	492		5
3352	金山	492		6
3353	万里	492		7
3354	贡寮	492		8
3355	石门	492		9
3356	双溪	492		10
3357	石碇	492		11
3358	坪林	492		12
3359	乌来	492		13
3360	泰山	492		14
3361	五股	492		15
3362	莺歌	492		16
3363	中和	492		17
3364	新庄	492		18
3365	三重	492		19
3366	新店	492		20
3367	土城	492		21
3368	永和	492		22
3369	芦洲	492		23
3370	汐止	492		24
3371	树林	492		25
3372	淡水	492		26
3373	三峡	492		27
3374	林口	492		28
3375	平溪	492		29
3376	宜兰	493	1000201	1
3377	罗东	493	1000202	2
3378	苏澳	493	1000203	3
3379	头城	493	1000204	4
3380	礁溪	493	1000205	5
3381	壮围	493	1000206	6
3382	员山	493	1000207	7
3383	冬山	493	1000208	8
3384	五结	493	1000209	9
3385	三星	493	1000210	10
3386	大同	493	1000211	11
3387	南澳	493	1000212	12
3388	桃园	494	1000301	1
3389	中坜	494	1000302	2
3390	大溪	494	1000303	3
3391	杨梅	494	1000304	4
3392	芦竹	494	1000305	5
3393	大园	494	1000306	6
3394	龟山	494	1000307	7
3395	八德	494	1000308	8
3396	龙潭	494	1000309	9
3397	平镇	494	1000310	10
3398	新屋	494	1000311	11
3399	观音	494	1000312	12
3400	复兴	494	1000313	13
3401	竹北	495	1000401	1
3402	竹东	495	1000402	2
3403	新埔	495	1000403	3
3404	关西	495	1000404	4
3405	湖口	495	1000405	5
3406	新丰	495	1000406	6
3407	芎林	495	1000407	7
3408	横山	495	1000408	8
3409	北埔	495	1000409	9
3410	宝山	495	1000410	10
3411	峨眉	495	1000411	11
3412	尖石	495	1000412	12
3413	五峰	495	1000413	13
3414	苗栗	496	1000501	1
3415	苑里	496	1000502	2
3416	通霄	496	1000503	3
3417	竹南	496	1000504	4
3418	头份	496	1000505	5
3419	后龙	496	1000506	6
3420	卓兰	496	1000507	7
3421	大湖	496	1000508	8
3422	公馆	496	1000509	9
3423	铜锣	496	1000510	10
3424	南庄	496	1000511	11
3425	头屋	496	1000512	12
3426	三义	496	1000513	13
3427	西湖	496	1000514	14
3428	造桥	496	1000515	15
3429	三湾	496	1000516	16
3430	狮潭	496	1000517	17
3431	泰安	496	1000518	18
3432	彰化	497	1000701	1
3433	鹿港	497	1000702	2
3434	和美	497	1000703	3
3435	线西	497	1000704	4
3436	伸港	497	1000705	5
3437	福兴	497	1000706	6
3438	秀水	497	1000707	7
3439	花坛	497	1000708	8
3440	芬园	497	1000709	9
3441	员林	497	1000710	10
3442	溪湖	497	1000711	11
3443	田中	497	1000712	12
3444	大村	497	1000713	13
3445	埔盐	497	1000714	14
3446	埔心	497	1000715	15
3447	永靖	497	1000716	16
3448	社头	497	1000717	17
3449	二水	497	1000718	18
3450	北斗	497	1000719	19
3451	二林	497	1000720	20
3452	田尾	497	1000721	21
3453	埤头	497	1000722	22
3454	芳苑	497	1000723	23
3455	大城	497	1000724	24
3456	竹塘	497	1000725	25
3457	溪州	497	1000726	26
3458	南投	498	1000801	1
3459	南投	498	1000802	2
3460	草屯	498	1000803	3
3461	竹山	498	1000804	4
3462	集集	498	1000805	5
3463	名间	498	1000806	6
3464	鹿谷	498	1000807	7
3465	中寮	498	1000808	8
3466	鱼池	498	1000809	9
3467	国姓	498	1000810	10
3468	水里	498	1000811	11
3469	信义	498	1000812	12
3470	仁爱	498	1000813	13
3471	斗六	499	1000901	1
3472	斗南	499	1000902	2
3473	虎尾	499	1000903	3
3474	西螺	499	1000904	4
3475	土库	499	1000905	5
3476	北港	499	1000906	6
3477	古坑	499	1000907	7
3478	大埤	499	1000908	8
3479	莿桐	499	1000909	9
3480	林内	499	1000910	10
3481	二仑	499	1000911	11
3482	仑背	499	1000912	12
3483	麦寮	499	1000913	13
3484	东势	499	1000914	14
3485	褒忠	499	1000915	15
3486	台西	499	1000916	16
3487	元长	499	1000917	17
3488	四湖	499	1000918	18
3489	口湖	499	1000919	19
3490	水林	499	1000920	20
3491	太保	500		1
3492	朴子	500		2
3493	布袋	500		3
3494	大林	500	10010	4
3495	民雄	500	1001001	5
3496	溪口	500	1001002	6
3497	新港	500	1001003	7
3498	六脚	500	1001004	8
3499	东石	500	1001005	9
3500	义竹	500	1001006	10
3501	鹿草	500	1001007	11
3502	水上	500	1001008	12
3503	中埔	500	1001009	13
3504	竹崎	500	1001010	14
3505	梅山	500	1001011	15
3506	番路	500	1001012	16
3507	大埔	500	1001013	17
3508	阿里山	500	1001014	18
3509	屏东	501	1001301	1
3510	潮州	501	1001302	2
3511	东港	501	1001303	3
3512	恒春	501	1001304	4
3513	万丹	501	1001305	5
3514	长治	501	1001306	6
3515	麟洛	501	1001307	7
3516	九如	501	1001308	8
3517	里港	501	1001309	9
3518	盐埔	501	1001310	10
3519	高树	501	1001311	11
3520	万峦	501	1001312	12
3521	内埔	501	1001313	13
3522	竹田	501	1001314	14
3523	新埤	501	1001315	15
3524	枋寮	501	1001316	16
3525	新园	501	1001317	17
3526	崁顶	501	1001318	18
3527	林边	501	1001319	19
3528	南州	501	1001320	20
3529	佳冬	501	1001321	21
3530	琉球	501	1001322	22
3531	车城	501	1001323	23
3532	满州	501	1001324	24
3533	枋山	501	1001325	25
3534	三地门	501	1001326	26
3535	雾台	501	1001327	27
3536	玛家	501	1001328	28
3537	泰武	501	1001329	29
3538	来义	501	1001330	30
3539	春日	501	1001331	31
3540	狮子	501	1001332	32
3541	牡丹	501	1001333	33
3542	卑南	502		1
3543	台东	502	1001401	2
3544	成功	502	1001402	3
3545	关山	502	1001403	4
3546	鹿野	502	1001405	5
3547	池上	502	1001406	6
3548	东河	502	1001407	7
3549	长滨	502	1001408	8
3550	太麻里	502	1001409	9
3551	大武	502	1001410	10
3552	绿岛	502	1001411	11
3553	海端	502	1001412	12
3554	延平	502	1001413	13
3555	金峰	502	1001414	14
3556	达仁	502	1001415	15
3557	兰屿	502	1001416	16
3558	花莲	503	1001501	1
3559	凤林	503	1001502	2
3560	玉里	503	1001503	3
3561	新城	503	1001504	4
3562	吉安	503	1001505	5
3563	寿丰	503	1001506	6
3564	光复	503	1001507	7
3565	丰滨	503	1001508	8
3566	瑞穗	503	1001509	9
3567	富里	503	1001510	10
3568	秀林	503	1001511	11
3569	万荣	503	1001512	12
3570	卓溪	503	1001513	13
3571	马公	504	1001601	1
3572	湖西	504	1001602	2
3573	白沙	504	1001603	3
3574	西屿	504	1001604	4
3575	望安	504	1001605	5
3576	七美	504	1001606	6
3577	双河	31	659007	21
3578	海棠	357		1
3579	吉阳	357		2
3580	天涯	357		3
3581	崖州	357		4
3582	霍尔果斯	476	654004	3
3583	前锋	388		2
3584	福绵	350	450903	2
3585	可克达拉	31	659008	22
7036	龙华	323	440309	7
7037	坪山	323	440310	8
7038	昆玉	31	659009	23
7039	平桂	352	451103	2
7040	巴什	152	150603	2
7041	叶集	231		8
7042	光明	323	440311	9
